[Licensing::Module] Trying to connect to existing licensing client channel...
[Licensing::IpcConnector] Connection attempt to the License Client on channel: "LicenseClient-youku" failed because channel doesn't exist; code: "0x80000002"
[Licensing::Module] GetFullLicensingClientPath:	 C:/Program Files/Tuanjie/Hub/Editor/2022.3.62t14/Editor/Data/Resources/Licensing/Client/Tuanjie.Licensing.Client.exe
[Licensing::Module] Successfully launched the LicensingClient (PId: 55276)
[Licensing::IpcConnector] Successfully connected to the License Client on channel: "LicenseClient-youku" at "2026-09-08T11:10:24.6607735Z"
[Licensing::Client] Error: Code 10 while verifying Licensing Client signature (process Id: 55276, path: "C:/Program Files/Tuanjie/Hub/Editor/2022.3.62t14/Editor/Data/Resources/Licensing/Client/Tuanjie.Licensing.Client.exe")
[Licensing::Module] Error: LicensingClient has failed validation; ignoring
[Licensing::Client] Successfully send message: {"AuthorizationCheck":"Ewh7rSekBOQomg==","messageType":"HandshakeRequest","protocolVersion":"1.12","userAgent":"TuanjieEditor/2022.3.62t14 (Windows; U; Windows NT 10.0; zh)","externalCorrelationId":"4205161293544200783"} at 1788865824
[Licensing::Client] Successfully receive message: {"protocolVersion":"1.12","sessionId":"fcf7a54c5aee415881b33d323c11bd5f","context":{"DeviceName":"ZJ-0508","DeviceModel":"System Product Name (ASUS)","PhysicalMemoryMB":"65325","SystemLanguageISO":"zh","ProcessorCount":"24","ProcessorType":"13th Gen Intel(R) Core(TM) i7-13700KF","OperatingSystem":"Windows 10  (10.0.26100) 64bit","OperatingSystemNumeric":"1000","Legacy.MachineBinding1":"00330-80000-00000-AA725","Legacy.MachineBinding2":"00000_00_000000_00_00062B_27_863CBB_E0.5","Legacy.MachineBinding4":"U3lzdGVtIFNlcmlhbCBOdW1iZXI=","Legacy.MachineBinding5":"cc:28:aa:7d:17:26","EnvironmentUser":"youku","EnvironmentDomain":"ZJ-0508","EnvironmentHostname":"ZJ-0508"},"assemblyProductVersion":"1.14.0+5d8f2d1","machineId":"J1J0c82gPJPDodbio++fQLXpQCY=","correlationId":"a3c7eab6c2f6a349d1f9761734a3f2bc","responseCode":200,"responseStatus":"Handshake successful","messageType":"HandshakeResponse"} at 1788865824
[Licensing::Client] Handshaking with LicensingClient:
  Version:                 1.14.0+5d8f2d1
  Session Id:              fcf7a54c5aee415881b33d323c11bd5f
  Correlation Id:          a3c7eab6c2f6a349d1f9761734a3f2bc
  External correlation Id: 4205161293544200783
  Machine Id:              J1J0c82gPJPDodbio++fQLXpQCY=
[Licensing::Module] Successfully connected to LicensingClient on channel: "LicenseClient-youku" (connect: 1.35s, validation: 0.06s, handshake: 0.05s)
[Licensing::IpcConnector] Successfully connected to the License Notification on channel: "LicenseClient-youku-notifications" at "2026-09-08T11:10:24.765874Z"
[Licensing::Module] Connected to LicensingClient (PId: 55276, launch time: 0.04, total connection time: 1.45s)
[Licensing::Module] Error: Access token is unavailable; failed to update
[Licensing::Client] Successfully send message: {"AuthorizationCheck":"1Divk/VYD2GTSw==","messageType":"UpdateLicenseRequest","AccessToken":"","OrgId":"","ProjectId":"","forceUpdateLicense":true} at 1788865824
[Licensing::Client] Successfully receive message: {"responseCode":200,"responseStatus":"Licenses updated.","messageType":"UpdateLicenseResponse","authorizationCheck":"1Divk/VYD2GTS52LvfQescR949hb"} at 1788865825
[Licensing::Client] Attempt to check time stamp (startTime: 1788865824, endTime: 1788865825)
[Licensing::Client] Successfully updated license
Built from 'tuanjie/1.10/staging' branch; Version is '2022.3.62t14 (1f04f7aba499) revision 2032887'; Using compiler version '192829333'; Build Type 'Release'
OS: 'Windows 11  (10.0.26100) 64bit Professional' Language: 'zh' Physical Memory: 65325 MB
[Licensing::Client] Successfully send message: {"AuthorizationCheck":"Yq4yOVhYR12vRA==","messageType":"EntitlementDetailsRequest","entitlementIds":["com.unity.editor.legacy.pro","com.unity.editor.headless"],"packageEntitlementIds":[],"includeCustomData":false} at 1788865825
[Licensing::Client] Successfully receive message: {"entitlementGroups":[{"entitlementGroupId":"F4-AGDB-QRN4-X3UU-7KXH-P4RQ","entitlementGroupIdHash":"33d25efdcaaa32aa544bad3a9533f164d8bf246e","productName":"Unity Personal","productType":"TuanjieEditor","licenseType":"ULF","expiration":1789128625000,"matchedEntitlements":[{"entitlementId":"com.unity.editor.headless","isPackage":false,"count":1}]}],"responseCode":200,"responseStatus":"Found 1 entitlement groups and 0 free entitlements matching requested entitlement ids","messageType":"EntitlementDetailsResponse","authorizationCheck":"Yq4yOVhYR12vRLkk/gNBHoGZ+CSw"} at 1788865825
[Licensing::Client] Attempt to check time stamp (startTime: 1788865825, endTime: 1788865825)
[Licensing::Client] Successfully resolved entitlement details
[Licensing::Module] Serial number assigned to: "F4-AGDB-QRN4-X3UU-7KXH-XXXX"
BatchMode: 1, IsHumanControllingUs: 0, StartBugReporterOnCrash: 0, Is64bit: 1, IsPro: 0
[Licensing::Client] Successfully send message: {"AuthorizationCheck":"Yq4yOVhYR12vRA==","messageType":"EntitlementDetailsRequest","entitlementIds":["com.unity.editor.headless","com.unity.editor.ui"],"packageEntitlementIds":[],"includeCustomData":false} at 1788865825
[Licensing::Client] Successfully receive message: {"entitlementGroups":[{"entitlementGroupId":"F4-AGDB-QRN4-X3UU-7KXH-P4RQ","entitlementGroupIdHash":"33d25efdcaaa32aa544bad3a9533f164d8bf246e","productName":"Unity Personal","productType":"TuanjieEditor","licenseType":"ULF","expiration":1789128625000,"matchedEntitlements":[{"entitlementId":"com.unity.editor.ui","isPackage":false,"count":1},{"entitlementId":"com.unity.editor.headless","isPackage":false,"count":1}]}],"responseCode":200,"responseStatus":"Found 1 entitlement groups and 0 free entitlements matching requested entitlement ids","messageType":"EntitlementDetailsResponse","authorizationCheck":"Yq4yOVhYR12vRLkk/gNBHoGZ+CSw"} at 1788865825
[Licensing::Client] Attempt to check time stamp (startTime: 1788865825, endTime: 1788865825)
[Licensing::Client] Successfully resolved entitlement details

COMMAND LINE ARGUMENTS:
C:\Program Files\Tuanjie\Hub\Editor\2022.3.62t14\Editor\Tuanjie.exe
-batchmode
-projectPath
D:\NewOne\Client
-runTests
-testPlatform
EditMode
-testResults
D:\NewOne\Client\Stage2-EditMode-results.xml
-logFile
D:\NewOne\Client\Stage2-EditMode.log
Successfully changed project path to: D:\NewOne\Client
D:/NewOne/Client
[Memory] Configuration Parameters - Can be set up in boot.config
    "memorysetup-bucket-allocator-granularity=16"
    "memorysetup-bucket-allocator-bucket-count=8"
    "memorysetup-bucket-allocator-block-size=33554432"
    "memorysetup-bucket-allocator-block-count=8"
    "memorysetup-main-allocator-block-size=16777216"
    "memorysetup-thread-allocator-block-size=16777216"
    "memorysetup-gfx-main-allocator-block-size=16777216"
    "memorysetup-gfx-thread-allocator-block-size=16777216"
    "memorysetup-cache-allocator-block-size=4194304"
    "memorysetup-typetree-allocator-block-size=2097152"
    "memorysetup-profiler-bucket-allocator-granularity=16"
    "memorysetup-profiler-bucket-allocator-bucket-count=8"
    "memorysetup-profiler-bucket-allocator-block-size=33554432"
    "memorysetup-profiler-bucket-allocator-block-count=8"
    "memorysetup-profiler-allocator-block-size=16777216"
    "memorysetup-profiler-editor-allocator-block-size=1048576"
    "memorysetup-temp-allocator-size-main=16777216"
    "memorysetup-job-temp-allocator-block-size=2097152"
    "memorysetup-job-temp-allocator-block-size-background=1048576"
    "memorysetup-job-temp-allocator-reduction-small-platforms=262144"
    "memorysetup-allocator-temp-initial-block-size-main=262144"
    "memorysetup-allocator-temp-initial-block-size-worker=262144"
    "memorysetup-temp-allocator-size-gfx=262144"
    "memorysetup-temp-allocator-size-background-worker=32768"
    "memorysetup-temp-allocator-size-job-worker=262144"
    "memorysetup-temp-allocator-size-preload-manager=33554432"
    "memorysetup-temp-allocator-size-nav-mesh-worker=65536"
    "memorysetup-temp-allocator-size-audio-worker=65536"
    "memorysetup-temp-allocator-size-cloud-worker=32768"
    "memorysetup-temp-allocator-size-gi-baking-worker=262144"
    "memorysetup-temp-allocator-size-gfx=262144"
Player connection [4600]  Target information:

Player connection [4600]  * "[IP] 10.20.137.218 [Port] 55504 [Flags] 2 [Guid] 3250892731 [EditorId] 3250892731 [Version] 1048832 [Id] WindowsEditor(7,ZJ-0508) [Debug] 1 [PackageName] WindowsEditor [ProjectName] Editor" 

Player connection [4600] Host joined multi-casting on [225.0.0.222:54997]...
Player connection [4600] Host joined alternative multi-casting on [225.0.0.222:34997]...
Input System module state changed to: Initialized.
AS: AutoStreaming module initializing.
[LiveLink] LiveLink library is loaded successfully. Initializing...
Begin write certificate to file.
Write certificate complete, return 1.
InitScreenManager.StartServer, cert is C:/Users/youku/AppData/Roaming/Tuanjie/56296-rest-certificate.pem
Start HTTP server port 38000, HTTPS server port 38443.
[Package Manager] UpmClient::Connect -- Connected to IPC stream "Upm-56296" after 0.2 seconds.
[Licensing::Client] Successfully send message: {"AuthorizationCheck":"Yq4yOVhYR12vRA==","messageType":"EntitlementDetailsRequest","entitlementIds":["com.unity.editor.ui","com.unity.editor.headless","com.unity.editor.dark-skin","com.unity.editor.disable-splash-screen","com.unity.editor.legacy.embedded","com.unity.editor.legacy.pro","com.unity.editor.platforms.android","com.unity.editor.platforms.android.pro","com.unity.editor.platforms.ios","com.unity.editor.platforms.ios.pro","com.unity.editor.platforms.nintendo3ds","com.unity.editor.platforms.ps4","com.unity.editor.platforms.pzazz","com.unity.editor.platforms.uwp","com.unity.editor.platforms.uwp.pro","com.unity.editor.platforms.vita","com.unity.editor.platforms.xboxone","com.unity.editor.watermarks.disable","com.unity.editor.watermarks.edu","com.unity.editor.watermarks.prototyping","com.unity.editor.watermarks.trial","com.unity.editor.time-limited-license","com.unity.editor.internal-developer","com.unity.tiny","cn.tuanjie.hmirp","com.unity.editor.unity.compliant","com.unity.editor.platforms.minigame","com.unity.editor.watermarks.forcedisable","com.unity.editor.guid.encryption","com.unity.editor.open-harmony.analytics.disabled","com.unity.editor.mini-game.analytics.disabled","com.unity.editor.last.activation.date","com.unity.editor.unity.expiration.2d","com.unity.editor.unity.expiration.7d","com.unity.editor.playableads.watermark","com.unity.editor.android.analytics.enable","com.unity.editor.ios.analytics.enable"],"packageEntitlementIds":[],"includeCustomData":false} at 1788865825
[Licensing::Client] Successfully receive message: {"entitlementGroups":[{"entitlementGroupId":"F4-AGDB-QRN4-X3UU-7KXH-P4RQ","entitlementGroupIdHash":"33d25efdcaaa32aa544bad3a9533f164d8bf246e","productName":"Unity Personal","productType":"TuanjieEditor","licenseType":"ULF","expiration":1789128625000,"matchedEntitlements":[{"entitlementId":"com.unity.editor.platforms.android","isPackage":false,"count":1},{"entitlementId":"com.unity.editor.platforms.uwp","isPackage":false,"count":1},{"entitlementId":"com.unity.editor.platforms.minigame","isPackage":false,"count":1},{"entitlementId":"com.unity.editor.platforms.ios","isPackage":false,"count":1},{"entitlementId":"com.unity.editor.guid.encryption","isPackage":false,"count":1},{"entitlementId":"com.unity.editor.ui","isPackage":false,"count":1},{"entitlementId":"com.unity.editor.headless","isPackage":false,"count":1},{"entitlementId":"com.unity.editor.unity.expiration.2d","isPackage":false,"count":1},{"entitlementId":"com.unity.editor.ios.analytics.enable","isPackage":false,"count":1},{"entitlementId":"com.unity.editor.android.analytics.enable","isPackage":false,"count":1},{"entitlementId":"com.unity.editor.watermarks.forcedisable","isPackage":false,"count":1},{"entitlementId":"com.unity.editor.last.activation.date","isPackage":false,"count":1},{"entitlementId":"com.unity.editor.unity.compliant","isPackage":false,"count":1},{"entitlementId":"com.unity.editor.mini-game.analytics.disabled","isPackage":false,"count":1},{"entitlementId":"com.unity.editor.time-limited-license","isPackage":false,"count":1}]}],"responseCode":200,"responseStatus":"Found 1 entitlement groups and 0 free entitlements matching requested entitlement ids","messageType":"EntitlementDetailsResponse","authorizationCheck":"Yq4yOVhYR12vRLkk/gNBHoGZ+CSw"} at 1788865825
[Licensing::Client] Attempt to check time stamp (startTime: 1788865825, endTime: 1788865825)
[Licensing::Client] Successfully resolved entitlement details
[Licensing::Client] Successfully send message: {"AuthorizationCheck":"Yq4yOVhYR12vRA==","messageType":"EntitlementDetailsRequest","entitlementIds":["com.unity.editor.allow-mix-usage","com.unity.editor.headless"],"packageEntitlementIds":[],"includeCustomData":false} at 1788865825
[Licensing::Client] Successfully receive message: {"entitlementGroups":[{"entitlementGroupId":"F4-AGDB-QRN4-X3UU-7KXH-P4RQ","entitlementGroupIdHash":"33d25efdcaaa32aa544bad3a9533f164d8bf246e","productName":"Unity Personal","productType":"TuanjieEditor","licenseType":"ULF","expiration":1789128625000,"matchedEntitlements":[{"entitlementId":"com.unity.editor.headless","isPackage":false,"count":1}]}],"responseCode":200,"responseStatus":"Found 1 entitlement groups and 0 free entitlements matching requested entitlement ids","messageType":"EntitlementDetailsResponse","authorizationCheck":"Yq4yOVhYR12vRLkk/gNBHoGZ+CSw"} at 1788865825
[Licensing::Client] Attempt to check time stamp (startTime: 1788865825, endTime: 1788865825)
[Licensing::Client] Successfully resolved entitlement details
[Package Manager] Restoring resolved packages state from cache
[Licensing::Client] Successfully send message: {"AuthorizationCheck":"Yq4yOVhYR12vRA==","messageType":"EntitlementDetailsRequest","entitlementIds":[],"packageEntitlementIds":["com.unity.collab-proxy","com.unity.feature.development","com.unity.textmeshpro","com.unity.timeline","com.unity.ugui","com.unity.visualscripting","com.unity.modules.ai","com.unity.modules.androidjni","com.unity.modules.animation","com.unity.modules.assetbundle","com.unity.modules.audio","com.unity.modules.cloth","com.unity.modules.director","com.unity.modules.imageconversion","com.unity.modules.imgui","com.unity.modules.infinity","com.unity.modules.jsonserialize","com.unity.modules.particlesystem","com.unity.modules.physics","com.unity.modules.physics2d","com.unity.modules.screencapture","com.unity.modules.terrain","com.unity.modules.terrainphysics","com.unity.modules.tilemap","com.unity.modules.ui","com.unity.modules.uielements","com.unity.modules.unityanalytics","com.unity.modules.unitywebrequest","com.unity.modules.unitywebrequestassetbundle","com.unity.modules.unitywebrequestaudio","com.unity.modules.unitywebrequesttexture","com.unity.modules.unitywebrequestwww","com.unity.modules.vehicles","com.unity.modules.video","com.unity.modules.vr","com.unity.modules.wind","com.unity.modules.xr","com.unity.modules.subsystems","com.unity.ide.visualstudio","com.unity.ide.rider","com.unity.ide.vscode","com.unity.editorcoroutines","com.unity.performance.profile-analyzer","com.unity.test-framework","com.unity.testtools.codecoverage","com.unity.settings-manager","com.unity.ext.nunit"],"includeCustomData":false} at 1788865825
[Licensing::Client] Successfully receive message: {"freeEntitlementIds":["com.unity.collab-proxy","com.unity.feature.development","com.unity.textmeshpro","com.unity.timeline","com.unity.ugui","com.unity.visualscripting","com.unity.modules.ai","com.unity.modules.androidjni","com.unity.modules.animation","com.unity.modules.assetbundle","com.unity.modules.audio","com.unity.modules.cloth","com.unity.modules.director","com.unity.modules.imageconversion","com.unity.modules.imgui","com.unity.modules.infinity","com.unity.modules.jsonserialize","com.unity.modules.particlesystem","com.unity.modules.physics","com.unity.modules.physics2d","com.unity.modules.screencapture","com.unity.modules.terrain","com.unity.modules.terrainphysics","com.unity.modules.tilemap","com.unity.modules.ui","com.unity.modules.uielements","com.unity.modules.unityanalytics","com.unity.modules.unitywebrequest","com.unity.modules.unitywebrequestassetbundle","com.unity.modules.unitywebrequestaudio","com.unity.modules.unitywebrequesttexture","com.unity.modules.unitywebrequestwww","com.unity.modules.vehicles","com.unity.modules.video","com.unity.modules.vr","com.unity.modules.wind","com.unity.modules.xr","com.unity.modules.subsystems","com.unity.ide.visualstudio","com.unity.ide.rider","com.unity.ide.vscode","com.unity.editorcoroutines","com.unity.performance.profile-analyzer","com.unity.test-framework","com.unity.testtools.codecoverage","com.unity.settings-manager","com.unity.ext.nunit"],"responseCode":200,"responseStatus":"Found 0 entitlement groups and 47 free entitlements matching requested entitlement ids","messageType":"EntitlementDetailsResponse","authorizationCheck":"Yq4yOVhYR12vRLkk/gNBHoGZ+CSw"} at 1788865825
[Licensing::Client] Attempt to check time stamp (startTime: 1788865825, endTime: 1788865825)
[Licensing::Client] Successfully resolved entitlement details
[Package Manager] Registered 47 packages:
  Packages from [https://packages.tuanjie.cn]:
    com.unity.collab-proxy@2.12.4 (location: D:\NewOne\Client\Library\PackageCache\com.unity.collab-proxy@2.12.4)
    com.unity.textmeshpro@3.0.9 (location: D:\NewOne\Client\Library\PackageCache\com.unity.textmeshpro@3.0.9)
    com.unity.timeline@1.8.9-t1 (location: D:\NewOne\Client\Library\PackageCache\com.unity.timeline@1.8.9-t1)
    com.unity.visualscripting@1.9.4 (location: D:\NewOne\Client\Library\PackageCache\com.unity.visualscripting@1.9.4)
    com.unity.ide.visualstudio@2.0.22 (location: D:\NewOne\Client\Library\PackageCache\com.unity.ide.visualstudio@2.0.22)
    com.unity.ide.rider@3.0.36 (location: D:\NewOne\Client\Library\PackageCache\com.unity.ide.rider@3.0.36)
    com.unity.ide.vscode@1.2.5 (location: D:\NewOne\Client\Library\PackageCache\com.unity.ide.vscode@1.2.5)
    com.unity.editorcoroutines@1.0.0 (location: D:\NewOne\Client\Library\PackageCache\com.unity.editorcoroutines@1.0.0)
    com.unity.performance.profile-analyzer@1.2.3 (location: D:\NewOne\Client\Library\PackageCache\com.unity.performance.profile-analyzer@1.2.3)
    com.unity.test-framework@1.1.33 (location: D:\NewOne\Client\Library\PackageCache\com.unity.test-framework@1.1.33)
    com.unity.testtools.codecoverage@1.2.6 (location: D:\NewOne\Client\Library\PackageCache\com.unity.testtools.codecoverage@1.2.6)
    com.unity.settings-manager@2.1.0 (location: D:\NewOne\Client\Library\PackageCache\com.unity.settings-manager@2.1.0)
    com.unity.ext.nunit@1.0.6 (location: D:\NewOne\Client\Library\PackageCache\com.unity.ext.nunit@1.0.6)
  Built-in packages:
    com.unity.feature.development@1.0.1 (location: D:\NewOne\Client\Library\PackageCache\com.unity.feature.development@1.0.1)
    com.unity.ugui@1.0.0 (location: D:\NewOne\Client\Library\PackageCache\com.unity.ugui@1.0.0)
    com.unity.modules.ai@1.0.0 (location: D:\NewOne\Client\Library\PackageCache\com.unity.modules.ai@1.0.0)
    com.unity.modules.androidjni@1.0.0 (location: D:\NewOne\Client\Library\PackageCache\com.unity.modules.androidjni@1.0.0)
    com.unity.modules.animation@1.0.0 (location: D:\NewOne\Client\Library\PackageCache\com.unity.modules.animation@1.0.0)
    com.unity.modules.assetbundle@1.0.0 (location: D:\NewOne\Client\Library\PackageCache\com.unity.modules.assetbundle@1.0.0)
    com.unity.modules.audio@1.0.0 (location: D:\NewOne\Client\Library\PackageCache\com.unity.modules.audio@1.0.0)
    com.unity.modules.cloth@1.0.0 (location: D:\NewOne\Client\Library\PackageCache\com.unity.modules.cloth@1.0.0)
    com.unity.modules.director@1.0.0 (location: D:\NewOne\Client\Library\PackageCache\com.unity.modules.director@1.0.0)
    com.unity.modules.imageconversion@1.0.0 (location: D:\NewOne\Client\Library\PackageCache\com.unity.modules.imageconversion@1.0.0)
    com.unity.modules.imgui@1.0.0 (location: D:\NewOne\Client\Library\PackageCache\com.unity.modules.imgui@1.0.0)
    com.unity.modules.infinity@1.0.0 (location: D:\NewOne\Client\Library\PackageCache\com.unity.modules.infinity@1.0.0)
    com.unity.modules.jsonserialize@1.0.0 (location: D:\NewOne\Client\Library\PackageCache\com.unity.modules.jsonserialize@1.0.0)
    com.unity.modules.particlesystem@1.0.0 (location: D:\NewOne\Client\Library\PackageCache\com.unity.modules.particlesystem@1.0.0)
    com.unity.modules.physics@1.0.0 (location: D:\NewOne\Client\Library\PackageCache\com.unity.modules.physics@1.0.0)
    com.unity.modules.physics2d@1.0.0 (location: D:\NewOne\Client\Library\PackageCache\com.unity.modules.physics2d@1.0.0)
    com.unity.modules.screencapture@1.0.0 (location: D:\NewOne\Client\Library\PackageCache\com.unity.modules.screencapture@1.0.0)
    com.unity.modules.terrain@1.0.0 (location: D:\NewOne\Client\Library\PackageCache\com.unity.modules.terrain@1.0.0)
    com.unity.modules.terrainphysics@1.0.0 (location: D:\NewOne\Client\Library\PackageCache\com.unity.modules.terrainphysics@1.0.0)
    com.unity.modules.tilemap@1.0.0 (location: D:\NewOne\Client\Library\PackageCache\com.unity.modules.tilemap@1.0.0)
    com.unity.modules.ui@1.0.0 (location: D:\NewOne\Client\Library\PackageCache\com.unity.modules.ui@1.0.0)
    com.unity.modules.uielements@1.0.0 (location: D:\NewOne\Client\Library\PackageCache\com.unity.modules.uielements@1.0.0)
    com.unity.modules.unityanalytics@1.0.0 (location: D:\NewOne\Client\Library\PackageCache\com.unity.modules.unityanalytics@1.0.0)
    com.unity.modules.unitywebrequest@1.0.0 (location: D:\NewOne\Client\Library\PackageCache\com.unity.modules.unitywebrequest@1.0.0)
    com.unity.modules.unitywebrequestassetbundle@1.0.0 (location: D:\NewOne\Client\Library\PackageCache\com.unity.modules.unitywebrequestassetbundle@1.0.0)
    com.unity.modules.unitywebrequestaudio@1.0.0 (location: D:\NewOne\Client\Library\PackageCache\com.unity.modules.unitywebrequestaudio@1.0.0)
    com.unity.modules.unitywebrequesttexture@1.0.0 (location: D:\NewOne\Client\Library\PackageCache\com.unity.modules.unitywebrequesttexture@1.0.0)
    com.unity.modules.unitywebrequestwww@1.0.0 (location: D:\NewOne\Client\Library\PackageCache\com.unity.modules.unitywebrequestwww@1.0.0)
    com.unity.modules.vehicles@1.0.0 (location: D:\NewOne\Client\Library\PackageCache\com.unity.modules.vehicles@1.0.0)
    com.unity.modules.video@1.0.0 (location: D:\NewOne\Client\Library\PackageCache\com.unity.modules.video@1.0.0)
    com.unity.modules.vr@1.0.0 (location: D:\NewOne\Client\Library\PackageCache\com.unity.modules.vr@1.0.0)
    com.unity.modules.wind@1.0.0 (location: D:\NewOne\Client\Library\PackageCache\com.unity.modules.wind@1.0.0)
    com.unity.modules.xr@1.0.0 (location: D:\NewOne\Client\Library\PackageCache\com.unity.modules.xr@1.0.0)
    com.unity.modules.subsystems@1.0.0 (location: D:\NewOne\Client\Library\PackageCache\com.unity.modules.subsystems@1.0.0)
[Subsystems] No new subsystems found in resolved package list.
Package Manager log level set to [2]
[Package Manager] Done registering packages in 0.08 seconds
[Package Manager] Done resolving packages in 1.09 seconds
[Package Manager] Registered 47 packages:
  Packages from [https://packages.tuanjie.cn]:
    com.unity.collab-proxy@2.12.4 (location: D:\NewOne\Client\Library\PackageCache\com.unity.collab-proxy@2.12.4)
    com.unity.textmeshpro@3.0.9 (location: D:\NewOne\Client\Library\PackageCache\com.unity.textmeshpro@3.0.9)
    com.unity.timeline@1.8.9-t1 (location: D:\NewOne\Client\Library\PackageCache\com.unity.timeline@1.8.9-t1)
    com.unity.visualscripting@1.9.4 (location: D:\NewOne\Client\Library\PackageCache\com.unity.visualscripting@1.9.4)
    com.unity.ide.visualstudio@2.0.22 (location: D:\NewOne\Client\Library\PackageCache\com.unity.ide.visualstudio@2.0.22)
    com.unity.ide.rider@3.0.36 (location: D:\NewOne\Client\Library\PackageCache\com.unity.ide.rider@3.0.36)
    com.unity.ide.vscode@1.2.5 (location: D:\NewOne\Client\Library\PackageCache\com.unity.ide.vscode@1.2.5)
    com.unity.editorcoroutines@1.0.0 (location: D:\NewOne\Client\Library\PackageCache\com.unity.editorcoroutines@1.0.0)
    com.unity.performance.profile-analyzer@1.2.3 (location: D:\NewOne\Client\Library\PackageCache\com.unity.performance.profile-analyzer@1.2.3)
    com.unity.test-framework@1.1.33 (location: D:\NewOne\Client\Library\PackageCache\com.unity.test-framework@1.1.33)
    com.unity.testtools.codecoverage@1.2.6 (location: D:\NewOne\Client\Library\PackageCache\com.unity.testtools.codecoverage@1.2.6)
    com.unity.settings-manager@2.1.0 (location: D:\NewOne\Client\Library\PackageCache\com.unity.settings-manager@2.1.0)
    com.unity.ext.nunit@1.0.6 (location: D:\NewOne\Client\Library\PackageCache\com.unity.ext.nunit@1.0.6)
  Built-in packages:
    com.unity.feature.development@1.0.1 (location: D:\NewOne\Client\Library\PackageCache\com.unity.feature.development@1.0.1)
    com.unity.ugui@1.0.0 (location: D:\NewOne\Client\Library\PackageCache\com.unity.ugui@1.0.0)
    com.unity.modules.ai@1.0.0 (location: D:\NewOne\Client\Library\PackageCache\com.unity.modules.ai@1.0.0)
    com.unity.modules.androidjni@1.0.0 (location: D:\NewOne\Client\Library\PackageCache\com.unity.modules.androidjni@1.0.0)
    com.unity.modules.animation@1.0.0 (location: D:\NewOne\Client\Library\PackageCache\com.unity.modules.animation@1.0.0)
    com.unity.modules.assetbundle@1.0.0 (location: D:\NewOne\Client\Library\PackageCache\com.unity.modules.assetbundle@1.0.0)
    com.unity.modules.audio@1.0.0 (location: D:\NewOne\Client\Library\PackageCache\com.unity.modules.audio@1.0.0)
    com.unity.modules.cloth@1.0.0 (location: D:\NewOne\Client\Library\PackageCache\com.unity.modules.cloth@1.0.0)
    com.unity.modules.director@1.0.0 (location: D:\NewOne\Client\Library\PackageCache\com.unity.modules.director@1.0.0)
    com.unity.modules.imageconversion@1.0.0 (location: D:\NewOne\Client\Library\PackageCache\com.unity.modules.imageconversion@1.0.0)
    com.unity.modules.imgui@1.0.0 (location: D:\NewOne\Client\Library\PackageCache\com.unity.modules.imgui@1.0.0)
    com.unity.modules.infinity@1.0.0 (location: D:\NewOne\Client\Library\PackageCache\com.unity.modules.infinity@1.0.0)
    com.unity.modules.jsonserialize@1.0.0 (location: D:\NewOne\Client\Library\PackageCache\com.unity.modules.jsonserialize@1.0.0)
    com.unity.modules.particlesystem@1.0.0 (location: D:\NewOne\Client\Library\PackageCache\com.unity.modules.particlesystem@1.0.0)
    com.unity.modules.physics@1.0.0 (location: D:\NewOne\Client\Library\PackageCache\com.unity.modules.physics@1.0.0)
    com.unity.modules.physics2d@1.0.0 (location: D:\NewOne\Client\Library\PackageCache\com.unity.modules.physics2d@1.0.0)
    com.unity.modules.screencapture@1.0.0 (location: D:\NewOne\Client\Library\PackageCache\com.unity.modules.screencapture@1.0.0)
    com.unity.modules.terrain@1.0.0 (location: D:\NewOne\Client\Library\PackageCache\com.unity.modules.terrain@1.0.0)
    com.unity.modules.terrainphysics@1.0.0 (location: D:\NewOne\Client\Library\PackageCache\com.unity.modules.terrainphysics@1.0.0)
    com.unity.modules.tilemap@1.0.0 (location: D:\NewOne\Client\Library\PackageCache\com.unity.modules.tilemap@1.0.0)
    com.unity.modules.ui@1.0.0 (location: D:\NewOne\Client\Library\PackageCache\com.unity.modules.ui@1.0.0)
    com.unity.modules.uielements@1.0.0 (location: D:\NewOne\Client\Library\PackageCache\com.unity.modules.uielements@1.0.0)
    com.unity.modules.unityanalytics@1.0.0 (location: D:\NewOne\Client\Library\PackageCache\com.unity.modules.unityanalytics@1.0.0)
    com.unity.modules.unitywebrequest@1.0.0 (location: D:\NewOne\Client\Library\PackageCache\com.unity.modules.unitywebrequest@1.0.0)
    com.unity.modules.unitywebrequestassetbundle@1.0.0 (location: D:\NewOne\Client\Library\PackageCache\com.unity.modules.unitywebrequestassetbundle@1.0.0)
    com.unity.modules.unitywebrequestaudio@1.0.0 (location: D:\NewOne\Client\Library\PackageCache\com.unity.modules.unitywebrequestaudio@1.0.0)
    com.unity.modules.unitywebrequesttexture@1.0.0 (location: D:\NewOne\Client\Library\PackageCache\com.unity.modules.unitywebrequesttexture@1.0.0)
    com.unity.modules.unitywebrequestwww@1.0.0 (location: D:\NewOne\Client\Library\PackageCache\com.unity.modules.unitywebrequestwww@1.0.0)
    com.unity.modules.vehicles@1.0.0 (location: D:\NewOne\Client\Library\PackageCache\com.unity.modules.vehicles@1.0.0)
    com.unity.modules.video@1.0.0 (location: D:\NewOne\Client\Library\PackageCache\com.unity.modules.video@1.0.0)
    com.unity.modules.vr@1.0.0 (location: D:\NewOne\Client\Library\PackageCache\com.unity.modules.vr@1.0.0)
    com.unity.modules.wind@1.0.0 (location: D:\NewOne\Client\Library\PackageCache\com.unity.modules.wind@1.0.0)
    com.unity.modules.xr@1.0.0 (location: D:\NewOne\Client\Library\PackageCache\com.unity.modules.xr@1.0.0)
    com.unity.modules.subsystems@1.0.0 (location: D:\NewOne\Client\Library\PackageCache\com.unity.modules.subsystems@1.0.0)
[Subsystems] No new subsystems found in resolved package list.
[Package Manager] Done registering packages in 0.00 seconds
Refreshing native plugins compatible for Editor in 13.79 ms, found 4 plugins.
Preloading 0 native plugins for Editor in 0.00 ms.
Initialize engine version: 2022.3.62t14 (1f04f7aba499)
THR RenderingThread disabled!
[Subsystems] Discovering subsystems at path C:/Program Files/Tuanjie/Hub/Editor/2022.3.62t14/Editor/Data/Resources/UnitySubsystems
[Subsystems] Discovering subsystems at path D:/NewOne/Client/Assets
GfxDevice: creating device client; threaded=0; jobified=0
CreateRealGfxDevice: 2Direct3D:
    Version:  Direct3D 11.0 [level 11.1]
    Renderer: NVIDIA GeForce RTX 4070 SUPER (ID=0x2783)
    Vendor:   NVIDIA
    VRAM:     11999 MB
    Driver:   32.0.15.6094
[Licensing::Client] Successfully send message: {"AuthorizationCheck":"Yq4yOVhYR12vRg==","messageType":"EntitlementDetailsRequest","entitlementIds":["com.unity.editor.cluster","com.unity.editor.headless"],"packageEntitlementIds":[],"includeCustomData":false} at 1788865827
[Licensing::Client] Successfully receive message: {"entitlementGroups":[{"entitlementGroupId":"F4-AGDB-QRN4-X3UU-7KXH-P4RQ","entitlementGroupIdHash":"33d25efdcaaa32aa544bad3a9533f164d8bf246e","productName":"Unity Personal","productType":"TuanjieEditor","licenseType":"ULF","expiration":1789128625000,"matchedEntitlements":[{"entitlementId":"com.unity.editor.headless","isPackage":false,"count":1}]}],"responseCode":200,"responseStatus":"Found 1 entitlement groups and 0 free entitlements matching requested entitlement ids","messageType":"EntitlementDetailsResponse","authorizationCheck":"Yq4yOVhYR12vRrkk/gNBHiS+Kw3n"} at 1788865827
[Licensing::Client] Attempt to check time stamp (startTime: 1788865827, endTime: 1788865827)
[Licensing::Client] Successfully resolved entitlement details
Initialize mono
Mono path[0] = 'C:/Program Files/Tuanjie/Hub/Editor/2022.3.62t14/Editor/Data/Managed'
Mono path[1] = 'C:/Program Files/Tuanjie/Hub/Editor/2022.3.62t14/Editor/Data/MonoBleedingEdge/lib/mono/unityjit-win32'
Mono config path = 'C:/Program Files/Tuanjie/Hub/Editor/2022.3.62t14/Editor/Data/MonoBleedingEdge/etc'
Using monoOptions --debugger-agent=transport=dt_socket,embedding=1,server=y,suspend=n,address=0.0.0.0:56296
Using cacheserver namespaces - metadata:defaultmetadata, artifacts:defaultartifacts
Using cacheserver namespaces - metadata:defaultmetadata, artifacts:defaultartifacts
ImportWorker Server TCP listen port: 0
Begin MonoManager ReloadAssembly
Registering precompiled tuanjie dll's ...
Register platform support module: C:/Program Files/Tuanjie/Hub/Editor/2022.3.62t14/Editor/Data/PlaybackEngines/MacStandaloneSupport/UnityEditor.OSXStandalone.Extensions.dll
Register platform support module: C:/Program Files/Tuanjie/Hub/Editor/2022.3.62t14/Editor/Data/PlaybackEngines/AndroidPlayer/UnityEditor.Android.Extensions.dll
Register platform support module: C:/Program Files/Tuanjie/Hub/Editor/2022.3.62t14/Editor/Data/PlaybackEngines/iOSSupport/UnityEditor.iOS.Extensions.dll
Register platform support module: C:/Program Files/Tuanjie/Hub/Editor/2022.3.62t14/Editor/Data/PlaybackEngines/WindowsStandaloneSupport/UnityEditor.WindowsStandalone.Extensions.dll
[Licensing::Client] Successfully send message: {"AuthorizationCheck":"Yq4yOVhYR12vRg==","messageType":"EntitlementDetailsRequest","entitlementIds":["com.unity.editor.platforms.openharmony","com.unity.editor.headless"],"packageEntitlementIds":[],"includeCustomData":false} at 1788865827
[Licensing::Client] Successfully receive message: {"entitlementGroups":[{"entitlementGroupId":"F4-AGDB-QRN4-X3UU-7KXH-P4RQ","entitlementGroupIdHash":"33d25efdcaaa32aa544bad3a9533f164d8bf246e","productName":"Unity Personal","productType":"TuanjieEditor","licenseType":"ULF","expiration":1789128625000,"matchedEntitlements":[{"entitlementId":"com.unity.editor.platforms.openharmony","isPackage":false,"count":1},{"entitlementId":"com.unity.editor.headless","isPackage":false,"count":1}]}],"responseCode":200,"responseStatus":"Found 1 entitlement groups and 0 free entitlements matching requested entitlement ids","messageType":"EntitlementDetailsResponse","authorizationCheck":"Yq4yOVhYR12vRrkk/gNBHiS+Kw3n"} at 1788865827
[Licensing::Client] Attempt to check time stamp (startTime: 1788865827, endTime: 1788865827)
[Licensing::Client] Successfully resolved entitlement details
Register platform support module: C:/Program Files/Tuanjie/Hub/Editor/2022.3.62t14/Editor/Data/PlaybackEngines/OpenHarmonyPlayer/UnityEditor.OpenHarmony.Extensions.dll
Registered in 0.033819 seconds.
- Loaded All Assemblies, in  0.277 seconds
Native extension for OpenHarmony target not found
Native extension for WindowsStandalone target not found
Native extension for iOS target not found
Native extension for Android target not found
Native extension for OSXStandalone target not found
[Licensing::Client] Successfully send message: {"AuthorizationCheck":"Yq4yOVhYR12vRg==","messageType":"EntitlementDetailsRequest","entitlementIds":["com.unity.editor.minigame.subplatform.wechat","com.unity.editor.headless"],"packageEntitlementIds":[],"includeCustomData":false} at 1788865827
[Licensing::Client] Successfully receive message: {"entitlementGroups":[{"entitlementGroupId":"F4-AGDB-QRN4-X3UU-7KXH-P4RQ","entitlementGroupIdHash":"33d25efdcaaa32aa544bad3a9533f164d8bf246e","productName":"Unity Personal","productType":"TuanjieEditor","licenseType":"ULF","expiration":1789128625000,"matchedEntitlements":[{"entitlementId":"com.unity.editor.headless","isPackage":false,"count":1},{"entitlementId":"com.unity.editor.minigame.subplatform.wechat","isPackage":false,"count":1}]}],"responseCode":200,"responseStatus":"Found 1 entitlement groups and 0 free entitlements matching requested entitlement ids","messageType":"EntitlementDetailsResponse","authorizationCheck":"Yq4yOVhYR12vRrkk/gNBHiS+Kw3n"} at 1788865827
[Licensing::Client] Attempt to check time stamp (startTime: 1788865827, endTime: 1788865827)
[Licensing::Client] Successfully resolved entitlement details
[Licensing::Client] Successfully send message: {"AuthorizationCheck":"Yq4yOVhYR12vRg==","messageType":"EntitlementDetailsRequest","entitlementIds":["com.unity.editor.minigame.subplatform.douyin","com.unity.editor.headless"],"packageEntitlementIds":[],"includeCustomData":false} at 1788865827
[Licensing::Client] Successfully receive message: {"entitlementGroups":[{"entitlementGroupId":"F4-AGDB-QRN4-X3UU-7KXH-P4RQ","entitlementGroupIdHash":"33d25efdcaaa32aa544bad3a9533f164d8bf246e","productName":"Unity Personal","productType":"TuanjieEditor","licenseType":"ULF","expiration":1789128625000,"matchedEntitlements":[{"entitlementId":"com.unity.editor.headless","isPackage":false,"count":1},{"entitlementId":"com.unity.editor.minigame.subplatform.douyin","isPackage":false,"count":1}]}],"responseCode":200,"responseStatus":"Found 1 entitlement groups and 0 free entitlements matching requested entitlement ids","messageType":"EntitlementDetailsResponse","authorizationCheck":"Yq4yOVhYR12vRrkk/gNBHiS+Kw3n"} at 1788865827
[Licensing::Client] Attempt to check time stamp (startTime: 1788865827, endTime: 1788865827)
[Licensing::Client] Successfully resolved entitlement details
[Licensing::Client] Successfully send message: {"AuthorizationCheck":"Yq4yOVhYR12vRg==","messageType":"EntitlementDetailsRequest","entitlementIds":["com.unity.editor.minigame.subplatform.xiaomi","com.unity.editor.headless"],"packageEntitlementIds":[],"includeCustomData":false} at 1788865827
[Licensing::Client] Successfully receive message: {"entitlementGroups":[{"entitlementGroupId":"F4-AGDB-QRN4-X3UU-7KXH-P4RQ","entitlementGroupIdHash":"33d25efdcaaa32aa544bad3a9533f164d8bf246e","productName":"Unity Personal","productType":"TuanjieEditor","licenseType":"ULF","expiration":1789128625000,"matchedEntitlements":[{"entitlementId":"com.unity.editor.headless","isPackage":false,"count":1},{"entitlementId":"com.unity.editor.minigame.subplatform.xiaomi","isPackage":false,"count":1}]}],"responseCode":200,"responseStatus":"Found 1 entitlement groups and 0 free entitlements matching requested entitlement ids","messageType":"EntitlementDetailsResponse","authorizationCheck":"Yq4yOVhYR12vRrkk/gNBHiS+Kw3n"} at 1788865827
[Licensing::Client] Attempt to check time stamp (startTime: 1788865827, endTime: 1788865827)
[Licensing::Client] Successfully resolved entitlement details
[Licensing::Client] Successfully send message: {"AuthorizationCheck":"Yq4yOVhYR12vRg==","messageType":"EntitlementDetailsRequest","entitlementIds":["com.unity.editor.minigame.subplatform.kuaishou","com.unity.editor.headless"],"packageEntitlementIds":[],"includeCustomData":false} at 1788865827
[Licensing::Client] Successfully receive message: {"entitlementGroups":[{"entitlementGroupId":"F4-AGDB-QRN4-X3UU-7KXH-P4RQ","entitlementGroupIdHash":"33d25efdcaaa32aa544bad3a9533f164d8bf246e","productName":"Unity Personal","productType":"TuanjieEditor","licenseType":"ULF","expiration":1789128625000,"matchedEntitlements":[{"entitlementId":"com.unity.editor.headless","isPackage":false,"count":1},{"entitlementId":"com.unity.editor.minigame.subplatform.kuaishou","isPackage":false,"count":1}]}],"responseCode":200,"responseStatus":"Found 1 entitlement groups and 0 free entitlements matching requested entitlement ids","messageType":"EntitlementDetailsResponse","authorizationCheck":"Yq4yOVhYR12vRrkk/gNBHiS+Kw3n"} at 1788865827
[Licensing::Client] Attempt to check time stamp (startTime: 1788865827, endTime: 1788865827)
[Licensing::Client] Successfully resolved entitlement details
[Licensing::Client] Successfully send message: {"AuthorizationCheck":"Yq4yOVhYR12vRg==","messageType":"EntitlementDetailsRequest","entitlementIds":["com.unity.editor.minigame.subplatform.taptap","com.unity.editor.headless"],"packageEntitlementIds":[],"includeCustomData":false} at 1788865827
[Licensing::Client] Successfully receive message: {"entitlementGroups":[{"entitlementGroupId":"F4-AGDB-QRN4-X3UU-7KXH-P4RQ","entitlementGroupIdHash":"33d25efdcaaa32aa544bad3a9533f164d8bf246e","productName":"Unity Personal","productType":"TuanjieEditor","licenseType":"ULF","expiration":1789128625000,"matchedEntitlements":[{"entitlementId":"com.unity.editor.headless","isPackage":false,"count":1},{"entitlementId":"com.unity.editor.minigame.subplatform.taptap","isPackage":false,"count":1}]}],"responseCode":200,"responseStatus":"Found 1 entitlement groups and 0 free entitlements matching requested entitlement ids","messageType":"EntitlementDetailsResponse","authorizationCheck":"Yq4yOVhYR12vRrkk/gNBHiS+Kw3n"} at 1788865827
[Licensing::Client] Attempt to check time stamp (startTime: 1788865827, endTime: 1788865827)
[Licensing::Client] Successfully resolved entitlement details
[Licensing::Client] Successfully send message: {"AuthorizationCheck":"Yq4yOVhYR12vRg==","messageType":"EntitlementDetailsRequest","entitlementIds":["com.unity.editor.minigame.subplatform.metaapp233","com.unity.editor.headless"],"packageEntitlementIds":[],"includeCustomData":false} at 1788865827
[Licensing::Client] Successfully receive message: {"entitlementGroups":[{"entitlementGroupId":"F4-AGDB-QRN4-X3UU-7KXH-P4RQ","entitlementGroupIdHash":"33d25efdcaaa32aa544bad3a9533f164d8bf246e","productName":"Unity Personal","productType":"TuanjieEditor","licenseType":"ULF","expiration":1789128625000,"matchedEntitlements":[{"entitlementId":"com.unity.editor.headless","isPackage":false,"count":1},{"entitlementId":"com.unity.editor.minigame.subplatform.metaapp233","isPackage":false,"count":1}]}],"responseCode":200,"responseStatus":"Found 1 entitlement groups and 0 free entitlements matching requested entitlement ids","messageType":"EntitlementDetailsResponse","authorizationCheck":"Yq4yOVhYR12vRrkk/gNBHiS+Kw3n"} at 1788865827
[Licensing::Client] Attempt to check time stamp (startTime: 1788865827, endTime: 1788865827)
[Licensing::Client] Successfully resolved entitlement details
[Licensing::Client] Successfully send message: {"AuthorizationCheck":"Yq4yOVhYR12vRg==","messageType":"EntitlementDetailsRequest","entitlementIds":["com.unity.editor.minigame.subplatform.minihost","com.unity.editor.headless"],"packageEntitlementIds":[],"includeCustomData":false} at 1788865827
[Licensing::Client] Successfully receive message: {"entitlementGroups":[{"entitlementGroupId":"F4-AGDB-QRN4-X3UU-7KXH-P4RQ","entitlementGroupIdHash":"33d25efdcaaa32aa544bad3a9533f164d8bf246e","productName":"Unity Personal","productType":"TuanjieEditor","licenseType":"ULF","expiration":1789128625000,"matchedEntitlements":[{"entitlementId":"com.unity.editor.headless","isPackage":false,"count":1},{"entitlementId":"com.unity.editor.minigame.subplatform.minihost","isPackage":false,"count":1}]}],"responseCode":200,"responseStatus":"Found 1 entitlement groups and 0 free entitlements matching requested entitlement ids","messageType":"EntitlementDetailsResponse","authorizationCheck":"Yq4yOVhYR12vRrkk/gNBHiS+Kw3n"} at 1788865827
[Licensing::Client] Attempt to check time stamp (startTime: 1788865827, endTime: 1788865827)
[Licensing::Client] Successfully resolved entitlement details
Mono: successfully reloaded assembly
- Finished resetting the current domain, in  0.316 seconds
Domain Reload Profiling: 590ms
	BeginReloadAssembly (79ms)
		ExecutionOrderSort (0ms)
		DisableScriptedObjects (0ms)
		BackupInstance (0ms)
		ReleaseScriptingObjects (0ms)
		CreateAndSetChildDomain (0ms)
	RebuildCommonClasses (22ms)
	RebuildNativeTypeToScriptingClass (7ms)
	initialDomainReloadingComplete (70ms)
	LoadAllAssembliesAndSetupDomain (95ms)
		LoadAssemblies (77ms)
		RebuildTransferFunctionScriptingTraits (0ms)
		AnalyzeDomain (91ms)
			TypeCache.Refresh (90ms)
				TypeCache.ScanAssembly (82ms)
			ScanForSourceGeneratedMonoScriptInfo (0ms)
			ResolveRequiredComponents (0ms)
	FinalizeReload (316ms)
		ReleaseScriptCaches (0ms)
		RebuildScriptCaches (0ms)
		SetupLoadedEditorAssemblies (286ms)
			LogAssemblyErrors (0ms)
			InitializePlatformSupportModulesInManaged (59ms)
			SetLoadedEditorAssemblies (3ms)
			RefreshPlugins (0ms)
			BeforeProcessingInitializeOnLoad (1ms)
			ProcessInitializeOnLoadAttributes (210ms)
			ProcessInitializeOnLoadMethodAttributes (13ms)
			AfterProcessingInitializeOnLoad (0ms)
			EditorAssembliesLoaded (0ms)
		ExecutionOrderSort2 (0ms)
		AwakeInstancesAfterBackupRestoration (0ms)
Application.AssetDatabase Initial Refresh Start
[ScriptCompilation] Requested script compilation because: Assetdatabase observed changes in script compilation related files
Starting: C:\Program Files\Tuanjie\Hub\Editor\2022.3.62t14\Editor\Data\bee_backend.exe --dont-print-to-structured-log --ipc --defer-dag-verification --dagfile="Library/Bee/1900b0aE.dag" --continue-on-failure --profile="Library/Bee/backend1.traceevents" ScriptAssemblies
WorkingDir: D:/NewOne/Client
DisplayProgressbar: Compiling Scripts
ExitCode: 0 Duration: 0s894ms
[394/397    0s] Csc Library/Bee/artifacts/1900b0aE.dag/RuneDice.Tests.EditMode.dll (+2 others)
[395/397    0s] CopyFiles Library/ScriptAssemblies/RuneDice.Tests.EditMode.pdb
[396/397    0s] CopyFiles Library/ScriptAssemblies/RuneDice.Tests.EditMode.dll
*** Tundra build success (0.86 seconds), 3 items updated, 397 evaluated
AssetDatabase: script compilation time: 1.266238s
Begin MonoManager ReloadAssembly
- Loaded All Assemblies, in  0.460 seconds
Refreshing native plugins compatible for Editor in 10.77 ms, found 4 plugins.
Preloading 0 native plugins for Editor in 0.00 ms.
Start importing Assets/Game/Tests/EditMode/Stage2BattleRulesTests.cs using Guid(357be6f03b9a5e3459b25831568d5352) Importer(Primary)  -> (artifact id: 'a68bbafcea765d701b15245ec1a0b72a') in 0.010608 seconds
Refreshing native plugins compatible for Editor in 7.69 ms, found 4 plugins.
Native extension for OpenHarmony target not found
Native extension for WindowsStandalone target not found
Native extension for iOS target not found
Native extension for Android target not found
Native extension for OSXStandalone target not found
Mono: successfully reloaded assembly
- Finished resetting the current domain, in  0.388 seconds
Domain Reload Profiling: 842ms
	BeginReloadAssembly (110ms)
		ExecutionOrderSort (0ms)
		DisableScriptedObjects (3ms)
		BackupInstance (0ms)
		ReleaseScriptingObjects (0ms)
		CreateAndSetChildDomain (16ms)
	RebuildCommonClasses (23ms)
	RebuildNativeTypeToScriptingClass (8ms)
	initialDomainReloadingComplete (29ms)
	LoadAllAssembliesAndSetupDomain (284ms)
		LoadAssemblies (232ms)
		RebuildTransferFunctionScriptingTraits (0ms)
		AnalyzeDomain (116ms)
			TypeCache.Refresh (102ms)
				TypeCache.ScanAssembly (92ms)
			ScanForSourceGeneratedMonoScriptInfo (9ms)
			ResolveRequiredComponents (3ms)
	FinalizeReload (389ms)
		ReleaseScriptCaches (0ms)
		RebuildScriptCaches (0ms)
		SetupLoadedEditorAssemblies (301ms)
			LogAssemblyErrors (0ms)
			InitializePlatformSupportModulesInManaged (34ms)
			SetLoadedEditorAssemblies (3ms)
			RefreshPlugins (0ms)
			BeforeProcessingInitializeOnLoad (41ms)
			ProcessInitializeOnLoadAttributes (203ms)
			ProcessInitializeOnLoadMethodAttributes (10ms)
			AfterProcessingInitializeOnLoad (11ms)
			EditorAssembliesLoaded (0ms)
		ExecutionOrderSort2 (0ms)
		AwakeInstancesAfterBackupRestoration (5ms)
Refreshing native plugins compatible for Editor in 11.09 ms, found 4 plugins.
Preloading 0 native plugins for Editor in 0.00 ms.
Asset Pipeline Refresh (id=8465a539457b09d45bf5674773d6e87c): Total: 3.291 seconds - Initiated by InitialRefreshV2(ForceSynchronousImport)
	Summary:
		Imports: total=1 (actual=1, local cache=0, cache server=0)
		Asset DB Process Time: managed=1 ms, native=1036 ms
		Asset DB Callback time: managed=33 ms, native=18 ms
		Scripting: domain reloads=1, domain reload time=908 ms, compile time=1268 ms, other=24 ms
		Project Asset Count: scripts=4267, non-scripts=706
		Asset File Changes: new=0, changed=1, moved=0, deleted=1
		Scan Filter Count: 0
		OnDemandAssets Count:0
	InvokeBeforeRefreshCallbacks: 1.470ms
	ApplyChangesToAssetFolders: 0.038ms
	Scan: 69.802ms
	OnSourceAssetsModified: 2.234ms
	UnregisterDeletedAssets: 0.003ms
	GetAllGuidsForCategorization: 0.363ms
	CategorizeAssets: 40.236ms
	ImportOutOfDateAssets: 433.263ms (-861.163ms without children)
		ImportManagerImport: 14.485ms (3.610ms without children)
			ImportInProcess: 10.858ms
			UpdateCategorizedAssets: 0.018ms
		CompileScripts: 1267.576ms
		ReloadNativeAssets: 0.001ms
		UnloadImportedAssets: 10.319ms
		ReloadImportedAssets: 0.425ms
		EnsureUptoDateAssetsAreRegisteredWithGuidPM: 0.829ms
		InitializingProgressBar: 0.000ms
		PostProcessAllAssetNotificationsAddChangedAssets: 0.000ms
		OnDemandSchedulerStart: 0.790ms
	PostProcessAllAssets: 36.641ms
	Hotreload: 12.094ms
	GatherAllCurrentPrimaryArtifactRevisions: 0.000ms
	UnloadStreamsBegin: 0.227ms
	PersistCurrentRevisions: 0.188ms
	UnloadStreamsEnd: 0.025ms
	GenerateScriptTypeHashes: 0.346ms
	Untracked: 2694.344ms
Application.AssetDatabase Initial Refresh End
Launched and connected shader compiler TuanjieShaderCompiler.exe after 0.06 seconds
Scanning for USB devices : 2.706ms
Initializing Tuanjie extensions:
Start importing Library/Resources using Guid(2a18551d07774bc4398aacc29d6efb6a) Importer(Primary)  -> (artifact id: '373c3ae2db80122d52d8375a410c0eed') in 0.001281 seconds
Refreshing native plugins compatible for Editor in 6.61 ms, found 4 plugins.
Preloading 0 native plugins for Editor in 0.00 ms.
Asset Pipeline Refresh (id=8c38160a84933704581bdbd199921e01): Total: 0.031 seconds - Initiated by StopAssetImportingV2(NoUpdateAssetOptions)
[Licensing::Client] Successfully send message: {"AuthorizationCheck":"Eneo7TBXmlH0Ew==","messageType":"ProductNameRequest","Value":"com.RuneDice.Rune-Dice"} at 1788865831
[Licensing::Client] Successfully receive message: {"responseCode":200,"messageType":"ProductNameResponse"} at 1788865831
[Licensing::Client] Error: ProductNameResponse could not be deserialized
[MODES] ModeService[none].Initialize
[MODES] ModeService[none].LoadModes
[MODES] Loading mode Default (0) for mode-current-id-Rune Dice
Unloading 2 Unused Serialized files (Serialized files now loaded: 0)
Unloading 61 unused Assets / (0.5 MB). Loaded Objects now: 4094.
Memory consumption went from 113.3 MB to 112.8 MB.
Total: 2.620200 ms (FindLiveObjects: 0.144400 ms CreateObjectMapping: 0.055900 ms MarkObjects: 2.151900 ms  DeleteObjects: 0.266000 ms)

[Project] Loading completed in 9.469 seconds
	Project init time: 				6.226 seconds
		Template init time: 		0.000 seconds
		Package Manager init time: 		0.160 seconds
		Asset Database init time: 		1.344 seconds
		Global illumination init time: 	0.003 seconds
		Assemblies load time: 			0.610 seconds
		Tuanjie extensions init time: 	0.003 seconds
		Asset Database refresh time: 	3.291 seconds
	Scene opening time: 			0.947 seconds
##utp:{"type":"ProjectInfo","version":2,"phase":"Immediate","time":1788865832641,"processId":56296,"projectLoad":9.4690608,"projectInit":6.2258627,"templateInit":0.0,"packageManagerInit":0.1601433,"assetDatabaseInit":1.3442975,"globalIlluminationInit":0.0028459,"assembliesLoad":0.6095186,"unityExtensionsInit":0.0026239,"assetDatabaseRefresh":3.2910049,"sceneOpening":0.9467086}
##utp:{"type":"EditorInfo","version":2,"phase":"Immediate","time":1788865832641,"processId":56296,"editorVersion":"2022.3.62t14 (1f04f7aba499)","branch":"tuanjie/1.10/staging","buildType":"Release","platform":"Windows"}
Running tests for EditMode
Executing tests with settings: test mode = EditMode
UnityEngine.StackTraceUtility:ExtractStackTrace ()
UnityEngine.DebugLogHandler:LogFormat (UnityEngine.LogType,UnityEngine.Object,string,object[])
UnityEngine.Logger:Log (UnityEngine.LogType,object)
UnityEngine.Debug:Log (object)
UnityEditor.TestTools.TestRunner.CommandLineTest.Executer:InitializeAndExecuteRun (string[]) (at ./Library/PackageCache/com.unity.test-framework@1.1.33/UnityEditor.TestRunner/CommandLineTest/Executer.cs:47)
UnityEditor.TestTools.TestRunner.CommandLineTest.TestStarter:UpdateWatch () (at ./Library/PackageCache/com.unity.test-framework@1.1.33/UnityEditor.TestRunner/CommandLineTest/TestStarter.cs:50)
UnityEditor.EditorApplication:Internal_CallUpdateFunctions ()

(Filename: ./Library/PackageCache/com.unity.test-framework@1.1.33/UnityEditor.TestRunner/CommandLineTest/Executer.cs Line: 47)

[UnityConnectServicesConfig] config is NOT valid, switching to default
Created GICache directory at C:/Users/youku/AppData/LocalLow/Tuanjie/Caches/GiCache. Took: 0.043s, timestamps: [9.478 - 9.521]
[00:00:00] Builtin Sky manager started.
[00:00:00] Finished 1 Bake Ambient Probe job (0.00s execute, 0.00s integrate, 0.06s wallclock)
Unloading 2 Unused Serialized files (Serialized files now loaded: 0)
Unloading 1 unused Assets / (0.5 KB). Loaded Objects now: 4115.
Memory consumption went from 112.1 MB to 112.1 MB.
Total: 2.568500 ms (FindLiveObjects: 0.116800 ms CreateObjectMapping: 0.046400 ms MarkObjects: 2.373100 ms  DeleteObjects: 0.030900 ms)

DisplayProgressbar: Test Runner
Unloading 0 Unused Serialized files (Serialized files now loaded: 0)
Unloading 0 unused Assets / (0 B). Loaded Objects now: 4121.
Memory consumption went from 111.7 MB to 111.7 MB.
Total: 2.673700 ms (FindLiveObjects: 0.120200 ms CreateObjectMapping: 0.046900 ms MarkObjects: 2.470200 ms  DeleteObjects: 0.035500 ms)

Saving results to: D:\NewOne\Client\Stage2-EditMode-results.xml
Input System module state changed to: ShutdownInProgress.
Input System polling thread exited.
Input System module state changed to: Shutdown.
[Licensing::IpcConnector] License Notification channel disconnected successfully.
[Licensing::IpcConnector] License Client channel disconnected successfully.
Shutting down server...
Cleanup mono
[Performance] WinEditorMain                                                                                                   :        1 samples, Peak.  2.17 s (1.0x), Avg.  2.17 s, Total. 2.167 s (20.4%)
[Performance] WinEditorMain.ConfigureCrashHandler                                                                             :        1 samples, Peak.  30.7 us (1.0x), Avg.  30.7 us, Total. 30.70 us (0.0%)
[Performance] WinEditorMain.CurlRequestInitialize                                                                             :        1 samples, Peak.   754 us (1.0x), Avg.   754 us, Total. 754.4 us (0.0%)
[Performance] WinEditorMain.SetupLogFile                                                                                      :        1 samples, Peak.   721 us (1.0x), Avg.   721 us, Total. 720.9 us (0.0%)
[Performance] WinEditorMain.RunNativeTestsIfRequiredAndExit                                                                   :        1 samples, Peak.   100 ns (1.0x), Avg.   100 ns, Total. 100.0 ns (0.0%)
[Performance] WinEditorMain.Licensing                                                                                         :        1 samples, Peak.  2.13 s (1.0x), Avg.  2.13 s, Total. 2.125 s (20.0%)
[Performance] WinEditorMain.InitializeCrashHandler                                                                            :        1 samples, Peak.  37.7 ms (1.0x), Avg.  37.7 ms, Total. 37.72 ms (0.4%)
[Performance] WinEditorMain.CreateApplication                                                                                 :        1 samples, Peak.  90.6 us (1.0x), Avg.  90.6 us, Total. 90.60 us (0.0%)
[Performance] Application.InitializeProject                                                                                   :        1 samples, Peak.  6.23 s (1.0x), Avg.  6.23 s, Total. 6.226 s (58.5%)
[Performance] Application.PackageManager.StartServer                                                                          :        1 samples, Peak.  15.7 ms (1.0x), Avg.  15.7 ms, Total. 15.71 ms (0.1%)
[Performance] Application.AcquireProjectLock                                                                                  :        1 samples, Peak.  3.58 ms (1.0x), Avg.  3.58 ms, Total. 3.584 ms (0.0%)
[Performance] Application.InitializeEngineNoGraphics                                                                          :        1 samples, Peak.   167 ms (1.0x), Avg.   167 ms, Total. 166.6 ms (1.6%)
[Performance] Application.PackageManager.Initialize                                                                           :        1 samples, Peak.   160 ms (1.0x), Avg.   160 ms, Total. 160.1 ms (1.5%)
[Performance] Connecting to Package Manager                                                                                   :       17 samples, Peak.  79.7 us (12.9x), Avg.  6.20 us, Total. 105.4 us (0.0%)
[Performance] PackageManager::Api::RunRequestSynchronously                                                                    :       19 samples, Peak.  23.5 us (4.2x), Avg.  5.56 us, Total. 105.6 us (0.0%)
[Performance] Application.EngineGraphics.Initialize                                                                           :        1 samples, Peak.   172 ms (1.0x), Avg.   172 ms, Total. 171.8 ms (1.6%)
[Performance] Application.GI.Initialize                                                                                       :        1 samples, Peak.  2.85 ms (1.0x), Avg.  2.85 ms, Total. 2.847 ms (0.0%)
[Performance] Application.LoadAllDefaultResourcesFromEditor                                                                   :        1 samples, Peak.  1.39 ms (1.0x), Avg.  1.39 ms, Total. 1.386 ms (0.0%)
[Performance] Application.LoadMonoAssemblies                                                                                  :        1 samples, Peak.   610 ms (1.0x), Avg.   610 ms, Total. 609.5 ms (5.7%)
[Performance] RestoreManagedReferences                                                                                        :        2 samples, Peak.  29.7 ms (2.0x), Avg.  14.8 ms, Total. 29.67 ms (0.3%)
[Performance] InitializeOnLoad ProfilerConnectionPopupWindow                                                                  :        2 samples, Peak.   126 us (1.1x), Avg.   119 us, Total. 237.5 us (0.0%)
[Performance] InitializeOnLoad PlayableAdsHtmlChannelManager                                                                  :        2 samples, Peak.   485 us (1.1x), Avg.   439 us, Total. 877.0 us (0.0%)
[Performance] InitializeOnLoad ManagedDebuggerWindow                                                                          :        2 samples, Peak.   561 us (1.1x), Avg.   489 us, Total. 977.8 us (0.0%)
[Performance] InitializeOnLoad WindowLayout                                                                                   :        2 samples, Peak.   268 us (1.3x), Avg.   206 us, Total. 411.5 us (0.0%)
[Performance] InitializeOnLoad NativeFormatImporterUtility                                                                    :        2 samples, Peak.  1.59 ms (1.2x), Avg.  1.34 ms, Total. 2.677 ms (0.0%)
[Performance] InitializeOnLoad SceneSearch                                                                                    :        2 samples, Peak.  57.1 us (1.3x), Avg.  44.0 us, Total. 88.00 us (0.0%)
[Performance] InitializeOnLoad AddComponentWindow                                                                             :        2 samples, Peak.  66.7 us (1.0x), Avg.  64.5 us, Total. 129.0 us (0.0%)
[Performance] InitializeOnLoad MenuItems                                                                                      :        2 samples, Peak.  48.7 us (1.1x), Avg.  45.1 us, Total. 90.30 us (0.0%)
[Performance] InitializeOnLoad BuildProfileHelperManager                                                                      :        2 samples, Peak.   141 ms (1.9x), Avg.  73.5 ms, Total. 147.0 ms (1.4%)
[Performance] InitializeOnLoad ProjectSearch                                                                                  :        2 samples, Peak.  49.0 us (1.1x), Avg.  46.5 us, Total. 93.10 us (0.0%)
[Performance] InitializeOnLoad TuanjiePathAndNameFix                                                                          :        2 samples, Peak.   159 us (1.2x), Avg.   128 us, Total. 256.0 us (0.0%)
[Performance] InitializeOnLoad PoolManager                                                                                    :        2 samples, Peak.  32.2 us (1.1x), Avg.  30.7 us, Total. 61.30 us (0.0%)
[Performance] InitializeOnLoad EditMode                                                                                       :        2 samples, Peak.   236 us (1.1x), Avg.   223 us, Total. 446.0 us (0.0%)
[Performance] InitializeOnLoad UnityConnect                                                                                   :        2 samples, Peak.   700 ns (1.4x), Avg.   500 ns, Total. 1.000 us (0.0%)
[Performance] InitializeOnLoad SceneViewCullingDebugSettings                                                                  :        2 samples, Peak.  1.82 ms (1.1x), Avg.  1.72 ms, Total. 3.448 ms (0.0%)
[Performance] InitializeOnLoad PlayModeDownload                                                                               :        2 samples, Peak.   450 us (1.7x), Avg.   262 us, Total. 523.9 us (0.0%)
[Performance] InitializeOnLoad ObjectSelectorSearch                                                                           :        2 samples, Peak.  41.7 us (1.2x), Avg.  36.0 us, Total. 72.00 us (0.0%)
[Performance] InitializeOnLoad UISystemProfilerRenderService                                                                  :        2 samples, Peak.  5.10 us (1.1x), Avg.  4.75 us, Total. 9.500 us (0.0%)
[Performance] InitializeOnLoad AssetStoreContext                                                                              :        2 samples, Peak.  15.4 ms (1.5x), Avg.  10.1 ms, Total. 20.17 ms (0.2%)
[Performance] InitializeOnLoad DrivenRectTransformUndo                                                                        :        2 samples, Peak.   172 us (1.1x), Avg.   162 us, Total. 323.6 us (0.0%)
[Performance] InitializeOnLoad PrefabInstanceChangedListener                                                                  :        2 samples, Peak.  81.3 us (1.1x), Avg.  77.3 us, Total. 154.6 us (0.0%)
[Performance] InitializeOnLoad ManagedDebugger                                                                                :        2 samples, Peak.  1.20 us (1.6x), Avg.   750 ns, Total. 1.500 us (0.0%)
[Performance] InitializeOnLoad CacheServerWindow                                                                              :        2 samples, Peak.  11.9 us (1.3x), Avg.  9.00 us, Total. 18.00 us (0.0%)
[Performance] InitializeOnLoad ShortcutIntegration                                                                            :        2 samples, Peak.  33.5 us (1.0x), Avg.  32.1 us, Total. 64.10 us (0.0%)
[Performance] InitializeOnLoad CloudBuild                                                                                     :        2 samples, Peak.  3.00 us (1.3x), Avg.  2.30 us, Total. 4.600 us (0.0%)
[Performance] InitializeOnLoad MixerEffectDefinitionReloader                                                                  :        2 samples, Peak.  1.25 ms (1.1x), Avg.  1.12 ms, Total. 2.237 ms (0.0%)
[Performance] InitializeOnLoad SettingsService                                                                                :        2 samples, Peak.  10.1 us (1.2x), Avg.  8.15 us, Total. 16.30 us (0.0%)
[Performance] InitializeOnLoad SearchService                                                                                  :        2 samples, Peak.  72.5 us (1.0x), Avg.  71.4 us, Total. 142.7 us (0.0%)
[Performance] InitializeOnLoad EditorMonitor                                                                                  :        2 samples, Peak.   418 us (1.2x), Avg.   357 us, Total. 713.7 us (0.0%)
[Performance] InitializeOnLoad RetainedMode                                                                                   :        2 samples, Peak.  1.34 ms (1.1x), Avg.  1.25 ms, Total. 2.510 ms (0.0%)
[Performance] InitializeOnLoad EditorShaderLoader                                                                             :        2 samples, Peak.   502 us (1.1x), Avg.   452 us, Total. 903.7 us (0.0%)
[Performance] InitializeOnLoad EditorDelegateRegistration                                                                     :        2 samples, Peak.   372 us (1.2x), Avg.   309 us, Total. 617.7 us (0.0%)
[Performance] InitializeOnLoad UIDocumentHierarchyWatcher                                                                     :        2 samples, Peak.  52.6 us (1.1x), Avg.  48.0 us, Total. 96.00 us (0.0%)
[Performance] InitializeOnLoad LiveReloadTrackerCreator                                                                       :        2 samples, Peak.   137 us (1.3x), Avg.   107 us, Total. 214.7 us (0.0%)
[Performance] InitializeOnLoad UxmlObjectEditorFactories                                                                      :        2 samples, Peak.   392 us (1.2x), Avg.   331 us, Total. 661.5 us (0.0%)
[Performance] InitializeOnLoad UXMLEditorFactories                                                                            :        2 samples, Peak.  37.5 ms (1.1x), Avg.  35.1 ms, Total. 70.28 ms (0.7%)
[Performance] InitializeOnLoad PurchasingService                                                                              :        2 samples, Peak.  5.04 ms (1.1x), Avg.  4.69 ms, Total. 9.374 ms (0.1%)
[Performance] InitializeOnLoad CloudBuildPoller                                                                               :        2 samples, Peak.   106 us (1.1x), Avg.  96.7 us, Total. 193.5 us (0.0%)
[Performance] InitializeOnLoad EditorGameServicesAnalytics                                                                    :        2 samples, Peak.  1.00 ms (1.3x), Avg.   752 us, Total. 1.504 ms (0.0%)
[Performance] InitializeOnLoad AnalyticsService                                                                               :        2 samples, Peak.   111 us (1.0x), Avg.   109 us, Total. 217.2 us (0.0%)
[Performance] InitializeOnLoad BuildService                                                                                   :        2 samples, Peak.  83.6 us (1.0x), Avg.  82.2 us, Total. 164.5 us (0.0%)
[Performance] InitializeOnLoad AdsService                                                                                     :        2 samples, Peak.   252 us (1.0x), Avg.   244 us, Total. 488.0 us (0.0%)
[Performance] InitializeOnLoad UDPService                                                                                     :        2 samples, Peak.   105 us (1.1x), Avg.  97.4 us, Total. 194.9 us (0.0%)
[Performance] InitializeOnLoad CrashService                                                                                   :        2 samples, Peak.  81.3 us (1.0x), Avg.  80.5 us, Total. 161.1 us (0.0%)
[Performance] InitializeOnLoad ServicesRepository                                                                             :        2 samples, Peak.   300 ns (1.2x), Avg.   250 ns, Total. 500.0 ns (0.0%)
[Performance] InitializeOnLoad SearchWindow                                                                                   :        2 samples, Peak.  84.9 us (1.1x), Avg.  75.1 us, Total. 150.3 us (0.0%)
[Performance] InitializeOnLoad CustomIndexers                                                                                 :        2 samples, Peak.  10.3 ms (1.1x), Avg.  9.53 ms, Total. 19.06 ms (0.2%)
[Performance] InitializeOnLoad SearchMonitor                                                                                  :        2 samples, Peak.   625 us (1.1x), Avg.   582 us, Total. 1.164 ms (0.0%)
[Performance] InitializeOnLoad ParameterControllerEditor                                                                      :        2 samples, Peak.  17.4 us (1.1x), Avg.  15.3 us, Total. 30.50 us (0.0%)
[Performance] InitializeOnLoad LayerSettingsWindow                                                                            :        2 samples, Peak.  21.6 us (1.8x), Avg.  12.0 us, Total. 24.00 us (0.0%)
[Performance] InitializeOnLoad PackageManagerHookGUIDConverter.RegisterPackagesEventHandler                                   :        2 samples, Peak.   522 us (1.6x), Avg.   321 us, Total. 641.1 us (0.0%)
[Performance] InitializeOnLoad EditorDragAndDrop.RegisterEditorClient                                                         :        2 samples, Peak.   179 us (1.2x), Avg.   145 us, Total. 290.6 us (0.0%)
[Performance] InitializeOnLoad EditorEventCallbacks.InitializeFontAssetResourceChangeCallBacks                                :        2 samples, Peak.   674 us (1.0x), Avg.   670 us, Total. 1.341 ms (0.0%)
[Performance] InitializeOnLoad SceneTemplateService.Init                                                                      :        2 samples, Peak.   749 us (1.0x), Avg.   714 us, Total. 1.427 ms (0.0%)
[Performance] InitializeOnLoad DiagnosticSwitchesConsoleMessage.Init                                                          :        2 samples, Peak.  3.68 ms (1.6x), Avg.  2.31 ms, Total. 4.621 ms (0.0%)
[Performance] InitializeOnLoad SceneVisibilityManager.Initialize                                                              :        2 samples, Peak.  3.22 ms (1.7x), Avg.  1.94 ms, Total. 3.889 ms (0.0%)
[Performance] InitializeOnLoad MemoryProfilerCompilationGuard.InjectCompileGuard                                              :        2 samples, Peak.   113 us (1.0x), Avg.   108 us, Total. 216.5 us (0.0%)
[Performance] InitializeOnLoad SysrootManager.Initialize                                                                      :        2 samples, Peak.   347 us (1.1x), Avg.   327 us, Total. 654.7 us (0.0%)
[Performance] InitializeOnLoad PackageManagerWindow.EditorInitializedInSafeMode                                               :        2 samples, Peak.   125 us (1.7x), Avg.  75.2 us, Total. 150.3 us (0.0%)
[Performance] InitializeOnLoad EditorWindow.Initialize                                                                        :        2 samples, Peak.   144 us (1.0x), Avg.   137 us, Total. 274.7 us (0.0%)
[Performance] InitializeOnLoad ToolShortcutContext.Init                                                                       :        2 samples, Peak.  65.2 us (1.0x), Avg.  62.7 us, Total. 125.5 us (0.0%)
[Performance] InitializeOnLoad ScopedRegistryAddedPopup.SubscribeToRegistriesAdded                                            :        2 samples, Peak.   127 us (1.4x), Avg.  90.0 us, Total. 180.0 us (0.0%)
[Performance] InitializeOnLoad AssetPostprocessingInternal.RefreshCustomDependencies                                          :        2 samples, Peak.  1.99 ms (1.4x), Avg.  1.39 ms, Total. 2.778 ms (0.0%)
[Performance] AssemblyReloadEvents.afterAssemblyReload: UnityEditor.PackageManager.TuanjiePathAndNameFix.FixTuanjieNameOrPath :        2 samples, Peak.  2.16 ms (1.2x), Avg.  1.74 ms, Total. 3.489 ms (0.0%)
[Performance] AssemblyReloadEvents.afterAssemblyReload: UnityEditor.SceneTemplate.SceneTemplateService.AfterAssemblyReload    :        2 samples, Peak.  2.58 ms (1.9x), Avg.  1.38 ms, Total. 2.764 ms (0.0%)
[Performance] ProcessService.EditorAfterLoadAllAssemblies                                                                     :        2 samples, Peak.   231 us (1.2x), Avg.   199 us, Total. 398.2 us (0.0%)
[Performance] Application.ReadLicenseInfo                                                                                     :        1 samples, Peak.   192 us (1.0x), Avg.   192 us, Total. 192.1 us (0.0%)
[Performance] Application.InitialRefresh                                                                                      :        1 samples, Peak.  3.29 s (1.0x), Avg.  3.29 s, Total. 3.294 s (31.0%)
[Performance] ShaderImporter.SourceAssetModified                                                                              :        3 samples, Peak.   700 ns (1.4x), Avg.   500 ns, Total. 1.500 us (0.0%)
[Performance] ShaderIncludeImporter.SourceAssetModified                                                                       :        3 samples, Peak.   900 ns (1.5x), Avg.   600 ns, Total. 1.800 us (0.0%)
[Performance] Compiling Scripts                                                                                               :        1 samples, Peak.  1.27 s (1.0x), Avg.  1.27 s, Total. 1.266 s (11.9%)
[Performance] AssemblyReloadEvents.beforeAssemblyReload: UnityEditor.SceneTemplate.SceneTemplateService.BeforeAssemblyReload  :        1 samples, Peak.   281 us (1.0x), Avg.   281 us, Total. 280.7 us (0.0%)
[Performance] PresetManagerPostProcessor.OnPreprocessAsset                                                                    :        2 samples, Peak.   674 us (1.6x), Avg.   420 us, Total. 839.1 us (0.0%)
[Performance] CancelSplashScreenOnAssetChange.OnPreprocessAsset                                                               :        2 samples, Peak.  80.8 us (1.9x), Avg.  41.6 us, Total. 83.10 us (0.0%)
[Performance] InitializeOnLoad PackageEntryPoint                                                                              :        1 samples, Peak.  42.0 ms (1.0x), Avg.  42.0 ms, Total. 41.96 ms (0.4%)
[Performance] InitializeOnLoad UnityInternalsInjector                                                                         :        1 samples, Peak.   633 us (1.0x), Avg.   633 us, Total. 632.5 us (0.0%)
[Performance] InitializeOnLoad UVCSToolbarBoostrap                                                                            :        1 samples, Peak.  30.8 ms (1.0x), Avg.  30.8 ms, Total. 30.83 ms (0.3%)
[Performance] InitializeOnLoad VSUsageUtility                                                                                 :        1 samples, Peak.  15.5 ms (1.0x), Avg.  15.5 ms, Total. 15.46 ms (0.1%)
[Performance] InitializeOnLoad BackgroundWatcher                                                                              :        1 samples, Peak.  96.0 us (1.0x), Avg.  96.0 us, Total. 96.00 us (0.0%)
[Performance] InitializeOnLoad RerunCallbackInitializer                                                                       :        1 samples, Peak.  2.88 ms (1.0x), Avg.  2.88 ms, Total. 2.876 ms (0.0%)
[Performance] InitializeOnLoad TestStarter                                                                                    :        1 samples, Peak.  1.13 ms (1.0x), Avg.  1.13 ms, Total. 1.133 ms (0.0%)
[Performance] InitializeOnLoad UnityTestProtocolStarter                                                                       :        1 samples, Peak.  99.2 us (1.0x), Avg.  99.2 us, Total. 99.20 us (0.0%)
[Performance] InitializeOnLoad CoverageReporterStarter                                                                        :        1 samples, Peak.  4.04 ms (1.0x), Avg.  4.04 ms, Total. 4.041 ms (0.0%)
[Performance] InitializeOnLoad SampleDependencyImporter                                                                       :        1 samples, Peak.   667 us (1.0x), Avg.   667 us, Total. 666.7 us (0.0%)
[Performance] InitializeOnLoad VisualStudioEditor                                                                             :        1 samples, Peak.  7.09 ms (1.0x), Avg.  7.09 ms, Total. 7.090 ms (0.1%)
[Performance] InitializeOnLoad TestRunnerApiListener                                                                          :        1 samples, Peak.   399 us (1.0x), Avg.   399 us, Total. 399.0 us (0.0%)
[Performance] InitializeOnLoad VisualStudioIntegration                                                                        :        1 samples, Peak.  1.10 ms (1.0x), Avg.  1.10 ms, Total. 1.095 ms (0.0%)
[Performance] InitializeOnLoad PrefabLayoutRebuilder                                                                          :        1 samples, Peak.   170 us (1.0x), Avg.   170 us, Total. 170.1 us (0.0%)
[Performance] InitializeOnLoad RiderScriptEditor                                                                              :        1 samples, Peak.  4.20 ms (1.0x), Avg.  4.20 ms, Total. 4.198 ms (0.0%)
[Performance] InitializeOnLoad CallbackInitializer                                                                            :        1 samples, Peak.  1.77 ms (1.0x), Avg.  1.77 ms, Total. 1.771 ms (0.0%)
[Performance] InitializeOnLoad VSCodeScriptEditor                                                                             :        1 samples, Peak.  3.00 ms (1.0x), Avg.  3.00 ms, Total. 2.997 ms (0.0%)
[Performance] InitializeOnLoad TestJobDataHolder.ResumeRunningJobs                                                            :        1 samples, Peak.   957 us (1.0x), Avg.   957 us, Total. 956.6 us (0.0%)
[Performance] InitializeOnLoad AnalyticsReporter.RegisterCallbacks                                                            :        1 samples, Peak.   211 us (1.0x), Avg.   211 us, Total. 210.7 us (0.0%)
[Performance] InitializeOnLoad VisualStudioEditor.LegacyVisualStudioCodePackageDisabler                                       :        1 samples, Peak.  3.52 ms (1.0x), Avg.  3.52 ms, Total. 3.515 ms (0.0%)
[Performance] DidReloadScriptsTestRunnerWindow.CompilationCallback                                                            :        1 samples, Peak.  1.13 ms (1.0x), Avg.  1.13 ms, Total. 1.126 ms (0.0%)
[Performance] DidReloadScriptsTestListCache.ScriptReloaded                                                                    :        1 samples, Peak.  1.47 ms (1.0x), Avg.  1.47 ms, Total. 1.473 ms (0.0%)
[Performance] DidReloadScriptsAdvancedDropdownWindow.OnScriptReload                                                           :        1 samples, Peak.   226 us (1.0x), Avg.   226 us, Total. 225.8 us (0.0%)
[Performance] AssetDatabase.ImportAssets                                                                                      :        4 samples, Peak.   900 ns (2.0x), Avg.   450 ns, Total. 1.800 us (0.0%)
[Performance] VersionControl.Task.Wait                                                                                        :        1 samples, Peak.  5.00 us (1.0x), Avg.  5.00 us, Total. 5.000 us (0.0%)
[Performance] TMPro_TexturePostProcessor.OnPostprocessAllAssets                                                               :        4 samples, Peak.   548 us (2.2x), Avg.   251 us, Total. 1.003 ms (0.0%)
[Performance] UVCSAssetPostprocessor.OnPostprocessAllAssets                                                                   :        4 samples, Peak.   277 us (2.0x), Avg.   139 us, Total. 556.5 us (0.0%)
[Performance] BuilderAssetPostprocessor.OnPostprocessAllAssets                                                                :        4 samples, Peak.  1.94 ms (2.0x), Avg.   974 us, Total. 3.894 ms (0.0%)
[Performance] ArtifactBrowserPostProcessor.OnPostprocessAllAssets                                                             :        4 samples, Peak.   360 us (2.0x), Avg.   180 us, Total. 721.8 us (0.0%)
[Performance] AssetEvents.OnPostprocessAllAssets                                                                              :        8 samples, Peak.   131 us (3.1x), Avg.  42.6 us, Total. 341.1 us (0.0%)
[Performance] AudioMixerPostprocessor.OnPostprocessAllAssets                                                                  :        4 samples, Peak.   212 us (2.0x), Avg.   106 us, Total. 425.4 us (0.0%)
[Performance] DomainReloadPostprocessor.OnPostprocessAllAssets                                                                :        4 samples, Peak.   767 us (2.0x), Avg.   387 us, Total. 1.548 ms (0.0%)
[Performance] StyleCatalogPostProcessor.OnPostprocessAllAssets                                                                :        4 samples, Peak.  13.0 ms (2.0x), Avg.  6.48 ms, Total. 25.92 ms (0.2%)
[Performance] BuildCatalog                                                                                                    :        1 samples, Peak.  12.2 ms (1.0x), Avg.  12.2 ms, Total. 12.18 ms (0.1%)
[Performance] ModelImporterPostProcessor.OnPostprocessAllAssets                                                               :        4 samples, Peak.   714 us (2.0x), Avg.   360 us, Total. 1.441 ms (0.0%)
[Performance] RetainedModeAssetPostprocessor.OnPostprocessAllAssets                                                           :        4 samples, Peak.  1.65 ms (2.0x), Avg.   836 us, Total. 3.343 ms (0.0%)
[Performance] AssetChangedListener.OnPostprocessAllAssets                                                                     :        4 samples, Peak.  1.12 ms (2.0x), Avg.   566 us, Total. 2.263 ms (0.0%)
[Performance] SpeedTreePostProcessor.OnPostprocessAllAssets                                                                   :        4 samples, Peak.   133 us (2.0x), Avg.  67.7 us, Total. 270.8 us (0.0%)
[Performance] TextAssetPostProcessor.OnPostprocessAllAssets                                                                   :        4 samples, Peak.   274 us (2.0x), Avg.   139 us, Total. 557.8 us (0.0%)
[Performance] SamplePostprocessor.OnPostprocessAllAssets                                                                      :        4 samples, Peak.   106 us (2.0x), Avg.  53.3 us, Total. 213.3 us (0.0%)
[Performance] SyncVS.PostprocessSyncProject                                                                                   :        2 samples, Peak.  2.53 ms (1.9x), Avg.  1.32 ms, Total. 2.632 ms (0.0%)
[Performance] EditorApplication.projectChanged: UnityEditor.Audio.MixerEffectDefinitionReloader.OnProjectChanged              :        2 samples, Peak.   261 us (1.0x), Avg.   253 us, Total. 505.1 us (0.0%)
[Performance] Application.ImportPackagesAndSetTemplateWhenCreatingProject                                                     :        1 samples, Peak.  14.1 ms (1.0x), Avg.  14.1 ms, Total. 14.11 ms (0.1%)
[Performance] Application.SyncCurrentColorSpace                                                                               :        1 samples, Peak.   111 ms (1.0x), Avg.   111 ms, Total. 110.7 ms (1.0%)
[Performance] Application.OnUsbDevicesChanged                                                                                 :        1 samples, Peak.  2.75 ms (1.0x), Avg.  2.75 ms, Total. 2.749 ms (0.0%)
[Performance] Application.AssetInstanceCacheUpdate                                                                            :        1 samples, Peak. 100.0 ns (1.0x), Avg. 100.0 ns, Total. 100.00 ns (0.0%)
[Performance] Application.UnityExtensions.Initialize                                                                          :        1 samples, Peak.  2.63 ms (1.0x), Avg.  2.63 ms, Total. 2.625 ms (0.0%)
[Performance] CodeEditorProjectSync.SyncEditorProject                                                                         :        1 samples, Peak.   118 ms (1.0x), Avg.   118 ms, Total. 118.3 ms (1.1%)
[Performance] Application.ExecuteStartups                                                                                     :        1 samples, Peak.  69.3 ms (1.0x), Avg.  69.3 ms, Total. 69.28 ms (0.7%)
[Performance] Menu.RegisterMenuInterface                                                                                      :       27 samples, Peak.  1.70 us (9.6x), Avg.   178 ns, Total. 4.800 us (0.0%)
[Performance] Gizmo.RebuildRenderers                                                                                          :        1 samples, Peak.  66.2 ms (1.0x), Avg.  66.2 ms, Total. 66.24 ms (0.6%)
[Performance] Gizmo.AddGizmoRenderers                                                                                         :       75 samples, Peak.  1.13 ms (50.5x), Avg.  22.3 us, Total. 1.672 ms (0.0%)
[Performance] Application.editorInitializingProject                                                                           :        1 samples, Peak.  31.4 ms (1.0x), Avg.  31.4 ms, Total. 31.36 ms (0.3%)
[Performance] Application.FinishLoadingProject                                                                                :        1 samples, Peak.   947 ms (1.0x), Avg.   947 ms, Total. 946.7 ms (8.9%)
[Performance] Application.InitializeMenu                                                                                      :        1 samples, Peak.   151 ms (1.0x), Avg.   151 ms, Total. 150.5 ms (1.4%)
[Performance] Menu.RebuildAll                                                                                                 :        1 samples, Peak.   151 ms (1.0x), Avg.   151 ms, Total. 150.5 ms (1.4%)
[Performance] Menu.BuildRegisteredMenuInterfaces                                                                              :        1 samples, Peak.   149 ms (1.0x), Avg.   149 ms, Total. 149.2 ms (1.4%)
[Performance] Menu.FilterMenuItem                                                                                             :      612 samples, Peak.  25.3 ms (595.3x), Avg.  42.5 us, Total. 26.02 ms (0.2%)
[Performance] UpdateAllMenus                                                                                                  :        1 samples, Peak.   373 us (1.0x), Avg.   373 us, Total. 372.6 us (0.0%)
[Performance] Menu.RebuildOSMainMenu                                                                                          :        2 samples, Peak.  1.46 ms (1.3x), Avg.  1.15 ms, Total. 2.291 ms (0.0%)
[Performance] EditorSceneManager.sceneClosing: UnityEditor.SceneVisibilityManager.EditorSceneManagerOnSceneClosing            :        3 samples, Peak.   169 us (2.9x), Avg.  59.2 us, Total. 177.5 us (0.0%)
[Performance] GUIView.RepaintAll.PlayerLoopController                                                                         :        8 samples, Peak.  1.30 us (1.7x), Avg.   787 ns, Total. 6.300 us (0.0%)
[Performance] EditorSceneManager.newSceneCreated: UnityEditor.SceneTemplate.SceneTemplateService.OnNewSceneCreated            :        3 samples, Peak.   175 us (3.0x), Avg.  59.0 us, Total. 177.1 us (0.0%)
[Performance] EditorSceneManager.newSceneCreated: UnityEditor.SceneVisibilityManager.EditorSceneManagerOnNewSceneCreated      :        3 samples, Peak.   119 us (2.8x), Avg.  42.6 us, Total. 127.8 us (0.0%)
[Performance] EditorSceneManager.newSceneCreated: UnityEditor.SceneManagement.StageNavigationManager.OnNewSceneCreated        :        3 samples, Peak.  35.2 us (2.9x), Avg.  12.1 us, Total. 36.30 us (0.0%)
[Performance] Application.InvokeFinishedLoadingProject                                                                        :        1 samples, Peak.   768 ms (1.0x), Avg.   768 ms, Total. 768.5 ms (7.2%)
[Performance] ProcessService.OnProjectLoaded                                                                                  :        1 samples, Peak.  33.2 us (1.0x), Avg.  33.2 us, Total. 33.20 us (0.0%)
[Performance] Application.InvokeProjectWasLoaded                                                                              :        1 samples, Peak.  73.6 us (1.0x), Avg.  73.6 us, Total. 73.60 us (0.0%)
[Performance] Application.Message                                                                                             :       28 samples, Peak.  67.5 us (14.4x), Avg.  4.69 us, Total. 131.4 us (0.0%)
[Performance] Application.Message.Timer                                                                                       :        3 samples, Peak.  30.3 us (1.9x), Avg.  15.7 us, Total. 47.20 us (0.0%)
[Performance] Application.Message.WM_0031F                                                                                    :        1 samples, Peak.  7.20 us (1.0x), Avg.  7.20 us, Total. 7.200 us (0.0%)
[Performance] Application.Tick                                                                                                :       27 samples, Peak.   101 ms (9.1x), Avg.  11.1 ms, Total. 299.5 ms (2.8%)
[Performance] CheckLicensingClient                                                                                            :        1 samples, Peak.  9.30 us (1.0x), Avg.  9.30 us, Total. 9.300 us (0.0%)
[Performance] CheckLicensingClientNotification                                                                                :        1 samples, Peak.  15.6 us (1.0x), Avg.  15.6 us, Total. 15.60 us (0.0%)
[Performance] LicenseActivated.Tick                                                                                           :        1 samples, Peak.  11.3 us (1.0x), Avg.  11.3 us, Total. 11.30 us (0.0%)
[Performance] Application.TickVersionControl                                                                                  :       28 samples, Peak.  1.60 us (1.7x), Avg.   946 ns, Total. 26.50 us (0.0%)
[Performance] MonoCompiler.Tick                                                                                               :        2 samples, Peak.  6.10 us (1.1x), Avg.  5.35 us, Total. 10.70 us (0.0%)
[Performance] UnityConnect.Tick                                                                                               :        5 samples, Peak.  6.05 ms (4.9x), Avg.  1.23 ms, Total. 6.142 ms (0.1%)
[Performance] UnityVersionControl.Tick                                                                                        :        5 samples, Peak.  1.10 us (3.4x), Avg.   320 ns, Total. 1.600 us (0.0%)
[Performance] CurlRequest.Tick                                                                                                :        4 samples, Peak.   255 us (3.2x), Avg.  80.1 us, Total. 320.4 us (0.0%)
[Performance] HubClient.Tick                                                                                                  :        4 samples, Peak.   700 ns (2.0x), Avg.   350 ns, Total. 1.400 us (0.0%)
[Performance] AssetDatabase.Tick                                                                                              :        4 samples, Peak.  74.1 us (4.0x), Avg.  18.7 us, Total. 74.80 us (0.0%)
[Performance] SceneBackgroundTask.Tick                                                                                        :        3 samples, Peak.   300 ns (1.3x), Avg.   233 ns, Total. 700.0 ns (0.0%)
[Performance] Scheduler.Tick                                                                                                  :       12 samples, Peak.  1.52 ms (11.7x), Avg.   130 us, Total. 1.563 ms (0.0%)
[Performance] LiveLink.Tick                                                                                                   :        5 samples, Peak.  2.10 us (2.4x), Avg.   860 ns, Total. 4.300 us (0.0%)
[Performance] RepaintAllProfilerWindows                                                                                       :        1 samples, Peak.   198 us (1.0x), Avg.   198 us, Total. 197.8 us (0.0%)
[Performance] PlayerUpdates.Tick                                                                                              :        5 samples, Peak.  84.5 us (2.7x), Avg.  31.9 us, Total. 159.4 us (0.0%)
[Performance] Application.TickGlobalCallbacks                                                                                 :       28 samples, Peak.  25.1 ms (22.3x), Avg.  1.13 ms, Total. 31.61 ms (0.3%)
[Performance] CoreBusinessMetrics.Tick                                                                                        :        1 samples, Peak.  54.8 us (1.0x), Avg.  54.8 us, Total. 54.80 us (0.0%)
[Performance] EditorAnalytics.Tick                                                                                            :        2 samples, Peak.  8.10 us (1.9x), Avg.  4.20 us, Total. 8.400 us (0.0%)
[Performance] GI.Tick                                                                                                         :        5 samples, Peak.  5.60 ms (4.4x), Avg.  1.26 ms, Total. 6.319 ms (0.1%)
[Performance] Video.Update                                                                                                    :       28 samples, Peak.   900 ns (1.9x), Avg.   471 ns, Total. 13.20 us (0.0%)
[Performance] UnitySynchronization.ExecuteTasks                                                                               :        5 samples, Peak.  4.50 us (1.8x), Avg.  2.44 us, Total. 12.20 us (0.0%)
[Performance] Application.TickPreloadManager                                                                                  :       28 samples, Peak.  5.70 us (1.9x), Avg.  2.95 us, Total. 82.70 us (0.0%)
[Performance] Application.TickProgress                                                                                        :       28 samples, Peak.  2.00 ms (27.3x), Avg.  73.3 us, Total. 2.051 ms (0.0%)
[Performance] Application.TickSceneTracker                                                                                    :       27 samples, Peak.  71.7 ms (8.5x), Avg.  8.42 ms, Total. 227.4 ms (2.1%)
[Performance] EditorApplication.update                                                                                        :       27 samples, Peak.  71.7 ms (8.5x), Avg.  8.41 ms, Total. 227.1 ms (2.1%)
[Performance] EditorApplication.update: UnityEditor.PackageManager.UI.Internal.ApplicationProxy.OnUpdate                      :       28 samples, Peak.   127 us (22.7x), Avg.  5.60 us, Total. 156.7 us (0.0%)
[Performance] EditorApplication.update: UnityEditor.SceneViewCullingDebugSettings.UpdateCullingDebugLabels                    :       28 samples, Peak.  1.04 ms (27.1x), Avg.  38.4 us, Total. 1.076 ms (0.0%)
[Performance] EditorApplication.update: Unity.PlasticSCM.Editor.Hub.ProcessHubCommand.RunOnceWhenAccessTokenIsInitialized     :       28 samples, Peak.   200 us (24.8x), Avg.  8.08 us, Total. 226.3 us (0.0%)
[Performance] EditorApplication.update: callback in Unity.PlasticSCM.Editor.Execute                                           :        1 samples, Peak.   396 us (1.0x), Avg.   396 us, Total. 395.6 us (0.0%)
[Performance] EditorApplication.update: UnityEditor.TestTools.TestRunner.CommandLineTest.TestStarter.UpdateWatch              :        1 samples, Peak.  26.3 ms (1.0x), Avg.  26.3 ms, Total. 26.27 ms (0.2%)
[Performance] EditorApplication.update: UnityEditor.Timeline.SampleDependencyImporter+PackageChecker.WaitForRequestToComplete :        1 samples, Peak.  1.58 ms (1.0x), Avg.  1.58 ms, Total. 1.580 ms (0.0%)
[Performance] EditorApplication.update: callback in Microsoft.Unity.VisualStudio.Editor.VisualStudioIntegration               :        1 samples, Peak.  6.55 ms (1.0x), Avg.  6.55 ms, Total. 6.551 ms (0.1%)
[Performance] EditorApplication.update: Microsoft.Unity.VisualStudio.Editor.VisualStudioIntegration.OnUpdate                  :       28 samples, Peak.   250 us (24.0x), Avg.  10.4 us, Total. 291.3 us (0.0%)
[Performance] EditorApplication.update: UnityEditor.SceneManagement.StageNavigationManager.Update                             :       28 samples, Peak.   310 us (27.2x), Avg.  11.4 us, Total. 318.8 us (0.0%)
[Performance] ConsoleLog.Tick                                                                                                 :        2 samples, Peak.   152 us (2.0x), Avg.  77.4 us, Total. 154.8 us (0.0%)
[Performance] HierarchyWindow.Tick                                                                                            :        2 samples, Peak.   517 us (2.0x), Avg.   259 us, Total. 517.4 us (0.0%)
[Performance] EditorApplication.hierarchyChanged: Unity.UIElements.Editor.UIDocumentHierarchyWatcher.OnHierarchyChanged       :        1 samples, Peak.   253 us (1.0x), Avg.   253 us, Total. 253.2 us (0.0%)
[Performance] Inspector.Tick                                                                                                  :        2 samples, Peak.  25.9 ms (2.0x), Avg.  12.9 ms, Total. 25.87 ms (0.2%)
[Performance] EditorApplication.delayCall: UnityEditor.ShortcutManagement.ShortcutIntegration.EnsureShortcutsAreInitialized   :        1 samples, Peak.  24.7 ms (1.0x), Avg.  24.7 ms, Total. 24.68 ms (0.2%)
[Performance] EditorApplication.delayCall: callback in UnityEditor.SceneVisibilityManager                                     :        1 samples, Peak.   936 us (1.0x), Avg.   936 us, Total. 935.9 us (0.0%)
[Performance] EditorApplication.delayCall: callback in UnityEditor.EditorWindow                                               :        1 samples, Peak.  76.9 us (1.0x), Avg.  76.9 us, Total. 76.90 us (0.0%)
[Performance] EditorApplication.delayCall: callback in UnityEditor.EditorTools.ToolShortcutContext                            :        1 samples, Peak.  36.2 us (1.0x), Avg.  36.2 us, Total. 36.20 us (0.0%)
[Performance] Tooltip.Tick                                                                                                    :        4 samples, Peak.  29.2 us (2.3x), Avg.  12.9 us, Total. 51.60 us (0.0%)
[Performance] Application.RequestRepaintForPanels                                                                             :       27 samples, Peak.   249 us (21.4x), Avg.  11.7 us, Total. 314.8 us (0.0%)
[Performance] Application.UpdateScene                                                                                         :       27 samples, Peak.   259 us (5.8x), Avg.  44.4 us, Total. 1.199 ms (0.0%)
[Performance] Application.UpdateTextureStreaming                                                                              :       27 samples, Peak.   600 ns (2.2x), Avg.   274 ns, Total. 7.400 us (0.0%)
[Performance] Application.UpdateVideoTextures                                                                                 :       27 samples, Peak.   400 ns (2.5x), Avg.   163 ns, Total. 4.400 us (0.0%)
[Performance] PackageImporter.Tick                                                                                            :        2 samples, Peak.   400 ns (1.1x), Avg.   350 ns, Total. 700.0 ns (0.0%)
[Performance] InspectorBackground.Tick                                                                                        :        2 samples, Peak.  1.30 us (1.7x), Avg.   750 ns, Total. 1.500 us (0.0%)
[Performance] BurstDebug.Tick                                                                                                 :        1 samples, Peak.   400 ns (1.0x), Avg.   400 ns, Total. 400.0 ns (0.0%)
[Performance] Application.ChangeLayoutIfNeeded                                                                                :       27 samples, Peak.   100 ns (2.5x), Avg.  40.7 ns, Total. 1.100 us (0.0%)
[Performance] AsyncReadManager.ForceCloseFiles                                                                                :        1 samples, Peak.  61.5 us (1.0x), Avg.  61.5 us, Total. 61.50 us (0.0%)
[Performance] EditorApplication.update: UnityEditor.TestTools.TestRunner.TestRun.TestJobRunner.ExecuteStep                    :       27 samples, Peak.  71.7 ms (11.9x), Avg.  6.03 ms, Total. 162.9 ms (1.5%)
[Performance] GUIView.RepaintAll.RepaintScene                                                                                 :       22 samples, Peak.  1.10 us (2.8x), Avg.   386 ns, Total. 8.500 us (0.0%)
[Performance] Application.Idle                                                                                                :       14 samples, Peak.  4.54 ms (1.8x), Avg.  2.58 ms, Total. 36.10 ms (0.3%)
[Performance] EditorApplication.update: UnityEditor.TestTools.TestRunner.EditModeRunnerCallback.DisplayProgressBar            :        6 samples, Peak.   161 us (3.7x), Avg.  43.9 us, Total. 263.4 us (0.0%)
[Performance] EditorApplication.update: UnityEditor.TestTools.TestRunner.EditModeRunner.TestConsumer                          :        5 samples, Peak.  11.3 ms (2.2x), Avg.  5.22 ms, Total. 26.08 ms (0.2%)
[Performance] Application.Shutdown.SaveDefaultWindowPreferences                                                               :        1 samples, Peak.  91.5 us (1.0x), Avg.  91.5 us, Total. 91.50 us (0.0%)
[Performance] Application.Shutdown.SaveSceneManagerSetup                                                                      :        1 samples, Peak.   480 us (1.0x), Avg.   480 us, Total. 479.7 us (0.0%)
[Performance] Application.Shutdown.CleanupAllContainerWindows                                                                 :        1 samples, Peak.  1000 ns (1.0x), Avg.  1000 ns, Total. 1000.0 ns (0.0%)
[Performance] EditorApplication.quitting: UnityEditor.SettingsManagement.FileSettingsRepository.Save                          :        1 samples, Peak.  1.28 ms (1.0x), Avg.  1.28 ms, Total. 1.283 ms (0.0%)
[Performance] EditorApplication.quitting: callback in UnityEditor.TextCore.Text.EditorEventCallbacks                          :        1 samples, Peak.  4.71 ms (1.0x), Avg.  4.71 ms, Total. 4.714 ms (0.0%)
[Performance] Application.Shutdown.PauseProfilerSession                                                                       :        1 samples, Peak.  18.7 us (1.0x), Avg.  18.7 us, Total. 18.70 us (0.0%)
[Performance] Application.Shutdown.PauseAssetImportWorkers                                                                    :        1 samples, Peak.   106 us (1.0x), Avg.   106 us, Total. 105.8 us (0.0%)
[Performance] Application.Shutdown.SaveAssets                                                                                 :        1 samples, Peak.  8.81 ms (1.0x), Avg.  8.81 ms, Total. 8.811 ms (0.1%)
[Performance] FlowMacroSavedEvent.OnWillSaveAssets                                                                            :        1 samples, Peak.   118 us (1.0x), Avg.   118 us, Total. 118.1 us (0.0%)
[Performance] StateMacroSavedEvent.OnWillSaveAssets                                                                           :        1 samples, Peak.  75.4 us (1.0x), Avg.  75.4 us, Total. 75.40 us (0.0%)
[Performance] UnityCloudProjectLinkMonitor.OnWillSaveAssets                                                                   :        1 samples, Peak.   242 us (1.0x), Avg.   242 us, Total. 242.5 us (0.0%)
[Performance] UVCSAssetModificationProcessor.OnWillSaveAssets                                                                 :        1 samples, Peak.   191 us (1.0x), Avg.   191 us, Total. 190.9 us (0.0%)
[Performance] BuilderAssetModificationProcessor.OnWillSaveAssets                                                              :        1 samples, Peak.   224 us (1.0x), Avg.   224 us, Total. 224.1 us (0.0%)
[Performance] TerrainModificationProcessor.OnWillSaveAssets                                                                   :        1 samples, Peak.   391 us (1.0x), Avg.   391 us, Total. 390.8 us (0.0%)
[Performance] Application.Shutdown.CleanupRenderPipeline                                                                      :        1 samples, Peak.  7.20 us (1.0x), Avg.  7.20 us, Total. 7.200 us (0.0%)
[Performance] Application.Shutdown.StopPreloadManager                                                                         :        1 samples, Peak.  9.57 ms (1.0x), Avg.  9.57 ms, Total. 9.570 ms (0.1%)
[Performance] Application.Shutdown.DestroyWorld                                                                               :        1 samples, Peak.   394 us (1.0x), Avg.   394 us, Total. 393.9 us (0.0%)
[Performance] Application.Shutdown.CleanupAfterLoad                                                                           :        1 samples, Peak.  2.60 ms (1.0x), Avg.  2.60 ms, Total. 2.596 ms (0.0%)
[Performance] Application.Shutdown.Progress                                                                                   :        1 samples, Peak.  8.90 us (1.0x), Avg.  8.90 us, Total. 8.900 us (0.0%)
[Performance] Application.Shutdown.GICleanupManagers                                                                          :        1 samples, Peak.   701 us (1.0x), Avg.   701 us, Total. 700.9 us (0.0%)
[Performance] Application.Shutdown.MenuCleanupClass                                                                           :        1 samples, Peak.   220 us (1.0x), Avg.   220 us, Total. 219.5 us (0.0%)
[Performance] Application.Shutdown.ADBSaveStateBeforeShutdown                                                                 :        1 samples, Peak.  9.30 us (1.0x), Avg.  9.30 us, Total. 9.300 us (0.0%)
[Performance] Application.Shutdown.RemoteShutdown                                                                             :        1 samples, Peak.   700 ns (1.0x), Avg.   700 ns, Total. 700.0 ns (0.0%)
[Performance] Application.Shutdown.CleanupVCProvider                                                                          :        1 samples, Peak.  8.60 us (1.0x), Avg.  8.60 us, Total. 8.600 us (0.0%)
[Performance] Application.Shutdown.InputShutdown                                                                              :        1 samples, Peak.   400 ns (1.0x), Avg.   400 ns, Total. 400.0 ns (0.0%)
[Performance] Application.Shutdown.GizmoManagerDestroy                                                                        :        1 samples, Peak.  1.02 ms (1.0x), Avg.  1.02 ms, Total. 1.020 ms (0.0%)
[Performance] Application.Shutdown.ProfilerSession                                                                            :        1 samples, Peak.   234 us (1.0x), Avg.   234 us, Total. 234.3 us (0.0%)
[Performance] Application.Shutdown.ReleaseGfxWindowOnAllGUIViews                                                              :        1 samples, Peak.   500 ns (1.0x), Avg.   500 ns, Total. 500.0 ns (0.0%)
[Performance] Application.Shutdown.CleanupEngine                                                                              :        1 samples, Peak.  48.4 ms (1.0x), Avg.  48.4 ms, Total. 48.38 ms (0.5%)
[Performance] Application.Shutdown.CleanupAssetDatabase                                                                       :        1 samples, Peak.  6.56 ms (1.0x), Avg.  6.56 ms, Total. 6.564 ms (0.1%)
[Performance] Application.Shutdown.ScriptCompilationCleanUp                                                                   :        1 samples, Peak.  20.0 ms (1.0x), Avg.  20.0 ms, Total. 20.03 ms (0.2%)
[Performance] Application.Shutdown.DestroyJobSystem                                                                           :        1 samples, Peak.  99.9 us (1.0x), Avg.  99.9 us, Total. 99.90 us (0.0%)
[Performance] Application.Shutdown.CleanupPersistentManager                                                                   :        1 samples, Peak.   972 us (1.0x), Avg.   972 us, Total. 972.0 us (0.0%)
[Performance] Application.Shutdown.CleanupAsyncReadManager                                                                    :        1 samples, Peak.   215 us (1.0x), Avg.   215 us, Total. 215.3 us (0.0%)
[Performance] Application.Shutdown.CleanupProgressBar                                                                         :        1 samples, Peak.   300 ns (1.0x), Avg.   300 ns, Total. 300.0 ns (0.0%)
[Performance] Application.Shutdown.CleanupMono                                                                                :        1 samples, Peak.   145 ms (1.0x), Avg.   145 ms, Total. 145.2 ms (1.4%)
[Performance] Application.Shutdown.CleanupStdConverters                                                                       :        1 samples, Peak.  7.00 us (1.0x), Avg.  7.00 us, Total. 7.000 us (0.0%)
[Performance] Application.Shutdown.UnloadAllPlatformSupportModuleNativeDlls                                                   :        1 samples, Peak.   500 ns (1.0x), Avg.   500 ns, Total. 500.0 ns (0.0%)
[Performance] Application.Shutdown.UnloadAllPlatformSupportNativeLibraries                                                    :        1 samples, Peak.   441 ms (1.0x), Avg.   441 ms, Total. 440.9 ms (4.1%)
[Performance] Application.Shutdown.CleanupAutoDocumentation                                                                   :        1 samples, Peak.   334 us (1.0x), Avg.   334 us, Total. 333.6 us (0.0%)
[Performance] Application.Shutdown.ShaderNameManagerDestroy                                                                   :        1 samples, Peak.  48.6 us (1.0x), Avg.  48.6 us, Total. 48.60 us (0.0%)
[Performance] Application.Shutdown.CleanupCacheServer                                                                         :        1 samples, Peak.   200 ns (1.0x), Avg.   200 ns, Total. 200.0 ns (0.0%)
[Performance] Application.Shutdown.Virtualization_Shutdown                                                                    :        1 samples, Peak.   300 ns (1.0x), Avg.   300 ns, Total. 300.0 ns (0.0%)
[Performance] Application.Shutdown.DevConnections                                                                             :        1 samples, Peak.   130 us (1.0x), Avg.   130 us, Total. 130.0 us (0.0%)
Checking for leaked weakptr:
  Found no leaked weakptrs.
[Package Manager] Server::Kill -- Server was shutdown
Memory Statistics:
[ALLOC_TEMP_TLS] TLS Allocator
  StackAllocators : 
    [ALLOC_TEMP_CurlRequest]
      Initial Block Size 64.0 KB
      Current Block Size 64.0 KB
      Peak Allocated Bytes 0 B
      Overflow Count 0
    [ALLOC_TEMP_MAIN]
      Peak usage frame count: [16.0 KB-32.0 KB]: 2 frames, [0.5 MB-1.0 MB]: 2 frames, [8.0 MB-16.0 MB]: 1 frames
      Initial Block Size 16.0 MB
      Current Block Size 16.0 MB
      Peak Allocated Bytes 11.0 MB
      Overflow Count 0
    [ALLOC_TEMP_Job.Worker 18]
      Initial Block Size 256.0 KB
      Current Block Size 1.5 MB
      Peak Allocated Bytes 1.5 MB
      Overflow Count 0
    [ALLOC_TEMP_Background Job.Worker 8]
      Initial Block Size 32.0 KB
      Current Block Size 32.0 KB
      Peak Allocated Bytes 54 B
      Overflow Count 0
    [ALLOC_TEMP_Job.Worker 4]
      Initial Block Size 256.0 KB
      Current Block Size 1.5 MB
      Peak Allocated Bytes 1.5 MB
      Overflow Count 0
    [ALLOC_TEMP_BakingJobs.Worker 10]
      Initial Block Size 256.0 KB
      Current Block Size 256.0 KB
      Peak Allocated Bytes 54 B
      Overflow Count 0
    [ALLOC_TEMP_BakingJobs.Worker 5]
      Initial Block Size 256.0 KB
      Current Block Size 256.0 KB
      Peak Allocated Bytes 54 B
      Overflow Count 0
    [ALLOC_TEMP_Background Job.Worker 11]
      Initial Block Size 32.0 KB
      Current Block Size 32.0 KB
      Peak Allocated Bytes 54 B
      Overflow Count 0
    [ALLOC_TEMP_Background Job.Worker 3]
      Initial Block Size 32.0 KB
      Current Block Size 32.0 KB
      Peak Allocated Bytes 54 B
      Overflow Count 0
    [ALLOC_TEMP_BatchDeleteObjects]
      Initial Block Size 64.0 KB
      Current Block Size 64.0 KB
      Peak Allocated Bytes 54 B
      Overflow Count 0
    [ALLOC_TEMP_Job.Worker 21]
      Initial Block Size 256.0 KB
      Current Block Size 0.7 MB
      Peak Allocated Bytes 0.7 MB
      Overflow Count 0
    [ALLOC_TEMP_REST Message Handler]
      Initial Block Size 64.0 KB
      Current Block Size 64.0 KB
      Peak Allocated Bytes 54 B
      Overflow Count 0
    [ALLOC_TEMP_CoreBusinessMetricsCache]
      Initial Block Size 64.0 KB
      Current Block Size 64.0 KB
      Peak Allocated Bytes 8.1 KB
      Overflow Count 0
    [ALLOC_TEMP_Job.Worker 13]
      Initial Block Size 256.0 KB
      Current Block Size 256.0 KB
      Peak Allocated Bytes 1.3 KB
      Overflow Count 0
    [ALLOC_TEMP_Background Job.Worker 2]
      Initial Block Size 32.0 KB
      Current Block Size 32.0 KB
      Peak Allocated Bytes 69 B
      Overflow Count 0
    [ALLOC_TEMP_Job.Worker 22]
      Initial Block Size 256.0 KB
      Current Block Size 1.5 MB
      Peak Allocated Bytes 1.5 MB
      Overflow Count 0
    [ALLOC_TEMP_AssetDatabase.IOService]
      Initial Block Size 64.0 KB
      Current Block Size 64.0 KB
      Peak Allocated Bytes 54 B
      Overflow Count 0
    [ALLOC_TEMP_Job.Worker 10]
      Initial Block Size 256.0 KB
      Current Block Size 0.7 MB
      Peak Allocated Bytes 0.7 MB
      Overflow Count 0
    [ALLOC_TEMP_Job.Worker 15]
      Initial Block Size 256.0 KB
      Current Block Size 1.5 MB
      Peak Allocated Bytes 1.5 MB
      Overflow Count 0
    [ALLOC_TEMP_Job.Worker 12]
      Initial Block Size 256.0 KB
      Current Block Size 1.5 MB
      Peak Allocated Bytes 1.5 MB
      Overflow Count 0
    [ALLOC_TEMP_Loading.PreloadManager]
      Initial Block Size 32.0 MB
      Current Block Size 32.0 MB
      Peak Allocated Bytes 54 B
      Overflow Count 0
    [ALLOC_TEMP_Profiler.Dispatcher]
      Initial Block Size 64.0 KB
      Current Block Size 64.0 KB
      Peak Allocated Bytes 0 B
      Overflow Count 0
    [ALLOC_TEMP_Job.Worker 14]
      Initial Block Size 256.0 KB
      Current Block Size 256.0 KB
      Peak Allocated Bytes 1.2 KB
      Overflow Count 0
    [ALLOC_TEMP_Job.Worker 3]
      Initial Block Size 256.0 KB
      Current Block Size 1.5 MB
      Peak Allocated Bytes 1.5 MB
      Overflow Count 0
    [ALLOC_TEMP_BakingJobs.Worker 7]
      Initial Block Size 256.0 KB
      Current Block Size 256.0 KB
      Peak Allocated Bytes 54 B
      Overflow Count 0
    [ALLOC_TEMP_Job.Worker 17]
      Initial Block Size 256.0 KB
      Current Block Size 1.5 MB
      Peak Allocated Bytes 1.5 MB
      Overflow Count 0
    [ALLOC_TEMP_Background Job.Worker 5]
      Initial Block Size 32.0 KB
      Current Block Size 32.0 KB
      Peak Allocated Bytes 54 B
      Overflow Count 0
    [ALLOC_TEMP_CurlRequest]
      Initial Block Size 64.0 KB
      Current Block Size 64.0 KB
      Peak Allocated Bytes 2.0 KB
      Overflow Count 0
    [ALLOC_TEMP_Background Job.Worker 13]
      Initial Block Size 32.0 KB
      Current Block Size 32.0 KB
      Peak Allocated Bytes 54 B
      Overflow Count 0
    [ALLOC_TEMP_Job.Worker 2]
      Initial Block Size 256.0 KB
      Current Block Size 0.7 MB
      Peak Allocated Bytes 0.7 MB
      Overflow Count 0
    [ALLOC_TEMP_BakingJobs.Worker 6]
      Initial Block Size 256.0 KB
      Current Block Size 256.0 KB
      Peak Allocated Bytes 54 B
      Overflow Count 0
    [ALLOC_TEMP_Job.Worker 11]
      Initial Block Size 256.0 KB
      Current Block Size 0.7 MB
      Peak Allocated Bytes 0.7 MB
      Overflow Count 0
    [ALLOC_TEMP_Job.Worker 0]
      Initial Block Size 256.0 KB
      Current Block Size 0.7 MB
      Peak Allocated Bytes 0.7 MB
      Overflow Count 0
    [ALLOC_TEMP_Job.Worker 6]
      Initial Block Size 256.0 KB
      Current Block Size 1.5 MB
      Peak Allocated Bytes 1.5 MB
      Overflow Count 0
    [ALLOC_TEMP_Job.Worker 5]
      Initial Block Size 256.0 KB
      Current Block Size 0.7 MB
      Peak Allocated Bytes 0.7 MB
      Overflow Count 0
    [ALLOC_TEMP_Background Job.Worker 9]
      Initial Block Size 32.0 KB
      Current Block Size 32.0 KB
      Peak Allocated Bytes 54 B
      Overflow Count 0
    [ALLOC_TEMP_BakingJobs.Worker 8]
      Initial Block Size 256.0 KB
      Current Block Size 256.0 KB
      Peak Allocated Bytes 54 B
      Overflow Count 0
    [ALLOC_TEMP_Job.Worker 9]
      Initial Block Size 256.0 KB
      Current Block Size 0.7 MB
      Peak Allocated Bytes 0.7 MB
      Overflow Count 0
    [ALLOC_TEMP_DirMonitor]
      Initial Block Size 64.0 KB
      Current Block Size 64.0 KB
      Peak Allocated Bytes 0.5 KB
      Overflow Count 0
    [ALLOC_TEMP_BakingJobs.Worker 1]
      Initial Block Size 256.0 KB
      Current Block Size 256.0 KB
      Peak Allocated Bytes 0.6 KB
      Overflow Count 0
    [ALLOC_TEMP_Loading.AsyncRead]
      Initial Block Size 64.0 KB
      Current Block Size 64.0 KB
      Peak Allocated Bytes 128 B
      Overflow Count 0
    [ALLOC_TEMP_Background Job.Worker 10]
      Initial Block Size 32.0 KB
      Current Block Size 32.0 KB
      Peak Allocated Bytes 54 B
      Overflow Count 0
    [ALLOC_TEMP_Job.Worker 16]
      Initial Block Size 256.0 KB
      Current Block Size 0.7 MB
      Peak Allocated Bytes 0.7 MB
      Overflow Count 0
    [ALLOC_TEMP_BakingJobs.Worker 9]
      Initial Block Size 256.0 KB
      Current Block Size 256.0 KB
      Peak Allocated Bytes 54 B
      Overflow Count 0
    [ALLOC_TEMP_Background Job.Worker 6]
      Initial Block Size 32.0 KB
      Current Block Size 32.0 KB
      Peak Allocated Bytes 54 B
      Overflow Count 0
    [ALLOC_TEMP_Background Job.Worker 1]
      Initial Block Size 32.0 KB
      Current Block Size 32.0 KB
      Peak Allocated Bytes 9.8 KB
      Overflow Count 0
    [ALLOC_TEMP_BakingJobs.Worker 11]
      Initial Block Size 256.0 KB
      Current Block Size 256.0 KB
      Peak Allocated Bytes 54 B
      Overflow Count 0
    [ALLOC_TEMP_Job.Worker 20]
      Initial Block Size 256.0 KB
      Current Block Size 1.5 MB
      Peak Allocated Bytes 1.5 MB
      Overflow Count 0
    [ALLOC_TEMP_BakingJobs.Worker 2]
      Initial Block Size 256.0 KB
      Current Block Size 256.0 KB
      Peak Allocated Bytes 54 B
      Overflow Count 0
    [ALLOC_TEMP_Background Job.Worker 7]
      Initial Block Size 32.0 KB
      Current Block Size 32.0 KB
      Peak Allocated Bytes 54 B
      Overflow Count 0
    [ALLOC_TEMP_Job.Worker 8]
      Initial Block Size 256.0 KB
      Current Block Size 0.7 MB
      Peak Allocated Bytes 0.7 MB
      Overflow Count 0
    [ALLOC_TEMP_BakingJobs.Worker 15]
      Initial Block Size 256.0 KB
      Current Block Size 256.0 KB
      Peak Allocated Bytes 54 B
      Overflow Count 0
    [ALLOC_TEMP_BakingJobs.Worker 0]
      Initial Block Size 256.0 KB
      Current Block Size 256.0 KB
      Peak Allocated Bytes 54 B
      Overflow Count 0
    [ALLOC_TEMP_BakingJobs.Worker 3]
      Initial Block Size 256.0 KB
      Current Block Size 256.0 KB
      Peak Allocated Bytes 54 B
      Overflow Count 0
    [ALLOC_TEMP_BakingJobs.Worker 14]
      Initial Block Size 256.0 KB
      Current Block Size 256.0 KB
      Peak Allocated Bytes 54 B
      Overflow Count 0
    [ALLOC_TEMP_EditorTaskManager]
      Initial Block Size 64.0 KB
      Current Block Size 68.0 KB
      Peak Allocated Bytes 64.0 KB
      Overflow Count 0
    [ALLOC_TEMP_Background Job.Worker 15]
      Initial Block Size 32.0 KB
      Current Block Size 32.0 KB
      Peak Allocated Bytes 54 B
      Overflow Count 0
    [ALLOC_TEMP_Job.Worker 1]
      Initial Block Size 256.0 KB
      Current Block Size 1.0 MB
      Peak Allocated Bytes 1.0 MB
      Overflow Count 0
    [ALLOC_TEMP_BakingJobs.Worker 4]
      Initial Block Size 256.0 KB
      Current Block Size 256.0 KB
      Peak Allocated Bytes 54 B
      Overflow Count 0
    [ALLOC_TEMP_Background Job.Worker 12]
      Initial Block Size 32.0 KB
      Current Block Size 32.0 KB
      Peak Allocated Bytes 54 B
      Overflow Count 0
    [ALLOC_TEMP_HTTP REST Server]
      Initial Block Size 64.0 KB
      Current Block Size 64.0 KB
      Peak Allocated Bytes 54 B
      Overflow Count 0
    [ALLOC_TEMP_BakingJobs.Worker 12]
      Initial Block Size 256.0 KB
      Current Block Size 256.0 KB
      Peak Allocated Bytes 54 B
      Overflow Count 0
    [ALLOC_TEMP_BakingJobs.Worker 13]
      Initial Block Size 256.0 KB
      Current Block Size 256.0 KB
      Peak Allocated Bytes 54 B
      Overflow Count 0
    [ALLOC_TEMP_AssetGarbageCollectorHelper] x 23
      Initial Block Size 64.0 KB
      Current Block Size 64.0 KB
      Peak Allocated Bytes 0 B
      Overflow Count 0
    [ALLOC_TEMP_Background Job.Worker 0]
      Initial Block Size 32.0 KB
      Current Block Size 32.0 KB
      Peak Allocated Bytes 54 B
      Overflow Count 0
    [ALLOC_TEMP_AUDIO_Audio Mixer Thread]
      Initial Block Size 64.0 KB
      Current Block Size 64.0 KB
      Peak Allocated Bytes 40.0 KB
      Overflow Count 0
    [ALLOC_TEMP_Background Job.Worker 4]
      Initial Block Size 32.0 KB
      Current Block Size 32.0 KB
      Peak Allocated Bytes 2.0 KB
      Overflow Count 0
    [ALLOC_TEMP_Background Job.Worker 14]
      Initial Block Size 32.0 KB
      Current Block Size 32.0 KB
      Peak Allocated Bytes 54 B
      Overflow Count 0
    [ALLOC_TEMP_Job.Worker 7]
      Initial Block Size 256.0 KB
      Current Block Size 1.5 MB
      Peak Allocated Bytes 1.5 MB
      Overflow Count 0
    [ALLOC_TEMP_Job.Worker 19]
      Initial Block Size 256.0 KB
      Current Block Size 0.7 MB
      Peak Allocated Bytes 0.7 MB
      Overflow Count 0
[ALLOC_MEMORYPROFILER]
  Peak usage frame count: [256.0 KB-0.5 MB]: 4 frames, [0.5 MB-1.0 MB]: 1 frames
  Requested Block Size 1.0 MB
  Peak Block count 1
  Peak Allocated memory 0.6 MB
  Peak Large allocation bytes 0 B
[ALLOC_DEFAULT] Dual Thread Allocator
  Peak main deferred allocation count 1298
    [ALLOC_BUCKET]
      Large Block size 32.0 MB
      Used Block count 1
      Peak Allocated bytes 11.1 MB
    [ALLOC_DEFAULT_MAIN]
      Peak usage frame count: [32.0 MB-64.0 MB]: 5 frames
      Requested Block Size 16.0 MB
      Peak Block count 4
      Peak Allocated memory 59.6 MB
      Peak Large allocation bytes 0 B
    [ALLOC_DEFAULT_THREAD]
      Peak usage frame count: [4.0 MB-8.0 MB]: 4 frames, [8.0 MB-16.0 MB]: 1 frames
      Requested Block Size 16.0 MB
      Peak Block count 1
      Peak Allocated memory 13.6 MB
      Peak Large allocation bytes 0 B
[ALLOC_TEMP_JOB_1_FRAME]
  Initial Block Size 2.0 MB
  Used Block Count 0
  Overflow Count (too large) 0
  Overflow Count (full) 0
[ALLOC_TEMP_JOB_2_FRAMES]
  Initial Block Size 2.0 MB
  Used Block Count 0
  Overflow Count (too large) 0
  Overflow Count (full) 0
[ALLOC_TEMP_JOB_4_FRAMES (JobTemp)]
  Initial Block Size 2.0 MB
  Used Block Count 1
  Overflow Count (too large) 0
  Overflow Count (full) 0
[ALLOC_TEMP_JOB_ASYNC (Background)]
  Initial Block Size 1.0 MB
  Used Block Count 1
  Overflow Count (too large) 0
  Overflow Count (full) 0
[ALLOC_GFX] Dual Thread Allocator
  Peak main deferred allocation count 0
    [ALLOC_BUCKET]
      Large Block size 32.0 MB
      Used Block count 1
      Peak Allocated bytes 11.1 MB
    [ALLOC_GFX_MAIN]
      Peak usage frame count: [4.0 MB-8.0 MB]: 5 frames
      Requested Block Size 16.0 MB
      Peak Block count 1
      Peak Allocated memory 5.9 MB
      Peak Large allocation bytes 0 B
    [ALLOC_GFX_THREAD]
      Peak usage frame count: [0-1.0 KB]: 5 frames
      Requested Block Size 16.0 MB
      Peak Block count 1
      Peak Allocated memory 0.7 KB
      Peak Large allocation bytes 0 B
[ALLOC_CACHEOBJECTS] Dual Thread Allocator
  Peak main deferred allocation count 146
    [ALLOC_BUCKET]
      Large Block size 32.0 MB
      Used Block count 1
      Peak Allocated bytes 11.1 MB
    [ALLOC_CACHEOBJECTS_MAIN]
      Peak usage frame count: [16.0 MB-32.0 MB]: 4 frames, [32.0 MB-64.0 MB]: 1 frames
      Requested Block Size 4.0 MB
      Peak Block count 9
      Peak Allocated memory 52.0 MB
      Peak Large allocation bytes 29.4 MB
    [ALLOC_CACHEOBJECTS_THREAD]
      Peak usage frame count: [0-1.0 KB]: 2 frames, [1.0 KB-2.0 KB]: 3 frames
      Requested Block Size 4.0 MB
      Peak Block count 1
      Peak Allocated memory 1.5 KB
      Peak Large allocation bytes 0 B
[ALLOC_TYPETREE] Dual Thread Allocator
  Peak main deferred allocation count 520
    [ALLOC_BUCKET]
      Large Block size 32.0 MB
      Used Block count 1
      Peak Allocated bytes 11.1 MB
    [ALLOC_TYPETREE_MAIN]
      Peak usage frame count: [1.0 MB-2.0 MB]: 4 frames, [16.0 MB-32.0 MB]: 1 frames
      Requested Block Size 2.0 MB
      Peak Block count 10
      Peak Allocated memory 17.5 MB
      Peak Large allocation bytes 0 B
    [ALLOC_TYPETREE_THREAD]
      Peak usage frame count: [1.0 KB-2.0 KB]: 5 frames
      Requested Block Size 2.0 MB
      Peak Block count 1
      Peak Allocated memory 2.0 KB
      Peak Large allocation bytes 0 B
[ALLOC_PROFILER]
  Peak usage frame count: [64.0 KB-128.0 KB]: 5 frames
  Requested Block Size 16.0 MB
  Peak Block count 1
  Peak Allocated memory 91.1 KB
  Peak Large allocation bytes 0 B
    [ALLOC_PROFILER_BUCKET]
      Large Block size 32.0 MB
      Used Block count 1
      Peak Allocated bytes 4.0 KB
[ALLOC_PROFILER_EDITOR]
  Peak usage frame count: [0-1.0 KB]: 5 frames
  Requested Block Size 1.0 MB
  Peak Block count 0
  Peak Allocated memory 0 B
  Peak Large allocation bytes 0 B
    [ALLOC_PROFILER_BUCKET]
      Large Block size 32.0 MB
      Used Block count 1
      Peak Allocated bytes 4.0 KB
[ Total Memory ] : 10.15MB ( 8879 ) registered: 0.00MB ( 0 ) not-owned: 0.00MB ( 0 ) owned: 0.00MB ( 0 ) [acc: 0.00MB ( 0u )]
[ ALLOC_FALLBACK ] : 3248.48KB ( 938 ) registered: 0.00MB ( 0 ) (Requested:3248.48KB, Overhead:43.65KB, Reserved:7.01MB)
BucketAllocator is shared between allocators for fast small allocations
[ ALLOC_BUCKET ] : 367.25KB ( 7499 ) registered: [registered with original label] (Requested:367.25KB, Overhead:347.23KB, Reserved:32.00MB)
[ ALLOC_MEMORYPROFILER ] : 356.07KB ( 297 ) registered: 0.00KB ( 0 ) not-owned: 356.07kB ( 297 ) owned: 0.00kB ( 0 ) [acc: 0.00MB ( 0 )] (Requested:356.07KB, Overhead:11.31KB, Reserved:1.00MB)
[ ALLOC_DEFAULT ] : 6416.16KB ( 141 ) registered: 0.00KB ( 0 ) not-owned: 6416.16kB ( 141 ) owned: 0.00kB ( 0 ) [acc: 0.00MB ( 0 )] (Requested:6416.16KB, Overhead:5.37KB, Reserved:80.00MB)
[ ALLOC_GFX ] : 0.09KB ( 1 ) registered: 0.00KB ( 0 ) not-owned: 0.09kB ( 1 ) owned: 0.00kB ( 0 ) [acc: 0.00MB ( 0 )] (Requested:0.09KB, Overhead:0.04KB, Reserved:32.00MB)
[ ALLOC_CACHEOBJECTS ] : 3.12KB ( 2 ) registered: 0.00KB ( 0 ) not-owned: 3.12kB ( 2 ) owned: 0.00kB ( 0 ) [acc: 0.00MB ( 0 )] (Requested:3.12KB, Overhead:0.08KB, Reserved:16.00MB)
[ ALLOC_TYPETREE ] : 0.09KB ( 1 ) registered: 0.00KB ( 0 ) not-owned: 0.09kB ( 1 ) owned: 0.00kB ( 0 ) [acc: 0.00MB ( 0 )] (Requested:0.09KB, Overhead:0.04KB, Reserved:6.00MB)
##utp:{"type":"MemoryLeaks","version":2,"phase":"Immediate","time":1788865833840,"processId":56296,"allocatedMemory":19788899,"memoryLabels":[{"Default":21115},{"Permanent":15867},{"NewDelete":139722},{"MallocFree":12},{"Thread":4229536},{"PVS":12},{"Manager":38287},{"DynamicGeometry":12},{"VertexData":216},{"ImmediateGeometry":12},{"Geometry":572},{"BatchedGeometry":12},{"Particles":12},{"VFX":12},{"Infinity":12},{"Texture":844},{"Shader":95359},{"Material":68},{"TextureCache":12},{"GfxDevice":58012},{"GfxThread":12},{"Animation":404},{"Audio":311378},{"MiniAudio":12},{"AudioData":12},{"AudioProcessing":12},{"AudioTemp":12},{"FMODOther":6188},{"FMODStreamFile":12},{"FMODStreamDecode":12},{"FMODSample":12},{"Font":12},{"FontEngine":324},{"AdvanceTextProcessor":12},{"Physics":525},{"Physics2D":12},{"Serialization":1000},{"Input":14756},{"IO":12},{"IO2":12},{"ThreadStack":12},{"JobScheduler":33476},{"TextAsset":12},{"GarbageCollector":12},{"GLib":12},{"GLibImage":12},{"Mono":52},{"MonoCode":12},{"ScriptingNativeRuntime":193652},{"BaseObject":1628728},{"Resource":1468},{"Renderer":2461},{"Transform":44},{"File":3976},{"Network":12},{"WebCam":108},{"MemoryProfilerString":12},{"Culling":52},{"Skinning":28},{"Terrain":1341},{"TerrainPhysics":12},{"Wind":52},{"Shadow":12},{"STL":196},{"String":15864},{"StaticString":12},{"DynamicArray":102921},{"HashMap":139496},{"Pair":12},{"UTF16String":12},{"Utility":2850346},{"Curl":1436},{"PoolAlloc":5892},{"AI":116},{"TypeTree":5089},{"ScriptManager":652},{"RuntimeInitializeOnLoadManager":92},{"AncestorCache":12},{"Sprites":12},{"SpriteAtlas":140},{"GI":3300},{"Unet":12},{"ClusterRenderer":12},{"ClusterInput":12},{"Director":7972},{"GPUMemory":12},{"CloudService":12},{"WebRequest":700},{"VR":46097},{"AR":12},{"SceneManager":580},{"Video":84},{"LazyScriptCache":52},{"Tilemap":12},{"Speech":12},{"SceneLoad":12},{"ManagedAttributeManager":12},{"TextureStreaming":12},{"iOSReplayKit":12},{"NativeArray":24},{"ScreenCapture":12},{"Camera":37},{"Secure":205},{"Yoga":12},{"Image":12},{"CrashReporter":12},{"SerializationCache":1596},{"APIUpdating":11884},{"Subsystems":404},{"VirtualTexturing":57908},{"StaticSafetyDebugInfo":327692},{"AssetStore":12},{"Baselib":12},{"NativePlugin":12},{"RenderingWorker":3145900},{"Test":12},{"EditorGui":68},{"EditorUtility":20434},{"VersionControl":16},{"UndoBuffer":12},{"Undo":716},{"AssetDatabase":6188037},{"AssetUsage":12},{"StreamingManager":12},{"PreviewImage":12},{"AssetImporter":12},{"RestService":1426},{"EditorGi":388},{"ProgressiveLightmapper":12},{"Yaml":12},{"License":3724},{"UnityConnect":25356},{"WebViewCallback":12},{"Collab":605},{"Upm":2092},{"UpmDiagnostics":12},{"DrivenProperties":108},{"HubClient":12},{"ChannelService":12},{"LocalIPC":292},{"ProfilerEditor":11003},{"CoreBusinessMetrics":3853},{"Gizmos":12},{"LiveLink":12},{"Bootstrap":12},{"ShaderUcode":12},{"TLS":3443},{"XboxOneGpuOnionMemory":12},{"XboxOneGpuGarlicMemory":12},{"SwitchDynLibMemory":12},{"Licensing":12},{"AssetReference":52},{"CachingManager":12},{"IPCStream":52},{"PhysicalGPUMemory":12},{"TuanjieGI":12}]}
